ProductActivity__createdAt,Date,ProductActivity__shoeSize,ProductActivity__localAmount,
14/04/2021,2021-04-14,9,1830,
14/04/2021,2021-04-14,9,2250,
12/04/2021,2021-04-12,10,1885,
11/04/2021,2021-04-11,10.5,1550,
08/04/2021,2021-04-08,9.5,1706,
08/04/2021,2021-04-08,10,1889,
08/04/2021,2021-04-08,10,1790,
08/04/2021,2021-04-08,10.5,1750,
07/04/2021,2021-04-07,9,2100,
07/04/2021,2021-04-07,11.5,1775,
06/04/2021,2021-04-06,8,1809,
06/04/2021,2021-04-06,11,1689,
06/04/2021,2021-04-06,13,1600,
05/04/2021,2021-04-05,10.5,1600,
05/04/2021,2021-04-05,11,1650,
04/04/2021,2021-04-04,9.5,2515,
03/04/2021,2021-04-03,10,1838,
02/04/2021,2021-04-02,11,1750,
02/04/2021,2021-04-02,12,1575,
01/04/2021,2021-04-01,11,1750,
30/03/2021,2021-03-30,9,2090,
29/03/2021,2021-03-29,7,1730,
29/03/2021,2021-03-29,8.5,2398,
29/03/2021,2021-03-29,9.5,2090,
28/03/2021,2021-03-28,10,1910,
26/03/2021,2021-03-26,10,1790,
26/03/2021,2021-03-26,11.5,1920,
26/03/2021,2021-03-26,13,1499,
23/03/2021,2021-03-23,9.5,2021,
22/03/2021,2021-03-22,8.5,2290,
21/03/2021,2021-03-21,9,2098,
20/03/2021,2021-03-20,9,2098,
20/03/2021,2021-03-20,10.5,1873,
20/03/2021,2021-03-20,10.5,1676,
19/03/2021,2021-03-19,10.5,1798,
18/03/2021,2021-03-18,12,1375,
15/03/2021,2021-03-15,10,1900,
14/03/2021,2021-03-14,9,2041,
14/03/2021,2021-03-14,9,2040,
12/03/2021,2021-03-12,10,1900,
11/03/2021,2021-03-11,9.5,2000,
10/03/2021,2021-03-10,7,2218,
09/03/2021,2021-03-09,12,1550,
08/03/2021,2021-03-08,11,2112,
08/03/2021,2021-03-08,12,1410,
04/03/2021,2021-03-04,12,1680,
03/03/2021,2021-03-03,11,1790,
01/03/2021,2021-03-01,8,1750,
01/03/2021,2021-03-01,10.5,2144,
01/03/2021,2021-03-01,10.5,1884,
27/02/2021,2021-02-27,10.5,1880,
26/02/2021,2021-02-26,9.5,2008,
25/02/2021,2021-02-25,9.5,2080,
24/02/2021,2021-02-24,10.5,1800,
24/02/2021,2021-02-24,11,2156,
24/02/2021,2021-02-24,14,1300,
23/02/2021,2021-02-23,10.5,1799,
23/02/2021,2021-02-23,10.5,2162,
23/02/2021,2021-02-23,11,1749,
22/02/2021,2021-02-22,10.5,1795,
22/02/2021,2021-02-22,11.5,1869,
21/02/2021,2021-02-21,9.5,2192,
21/02/2021,2021-02-21,13,1486,
21/02/2021,2021-02-21,13,1440,
19/02/2021,2021-02-19,12,1670,
18/02/2021,2021-02-18,10.5,1720,
18/02/2021,2021-02-18,12,1546,
16/02/2021,2021-02-16,13,1200,
15/02/2021,2021-02-15,8.5,2188,
15/02/2021,2021-02-15,11,1790,
14/02/2021,2021-02-14,9,2026,
14/02/2021,2021-02-14,10.5,1797,
13/02/2021,2021-02-13,9,1716,
12/02/2021,2021-02-12,9.5,2000,
12/02/2021,2021-02-12,9.5,2000,
12/02/2021,2021-02-12,10.5,1884,
11/02/2021,2021-02-11,10,1875,
11/02/2021,2021-02-11,13,1300,
08/02/2021,2021-02-08,9.5,1700,
08/02/2021,2021-02-08,10,1800,
06/02/2021,2021-02-06,12,1450,
04/02/2021,2021-02-04,9.5,2294,
04/02/2021,2021-02-04,10.5,1681,
02/02/2021,2021-02-02,9,2300,
02/02/2021,2021-02-02,10.5,1675,
01/02/2021,2021-02-01,9.5,1832,
01/02/2021,2021-02-01,11,1600,
31/01/2021,2021-01-31,10.5,1600,
30/01/2021,2021-01-30,9,2083,
29/01/2021,2021-01-29,9.5,2424,
29/01/2021,2021-01-29,11,1515,
29/01/2021,2021-01-29,13,1276,
28/01/2021,2021-01-28,8.5,2149,
28/01/2021,2021-01-28,9.5,1821,
28/01/2021,2021-01-28,10.5,1798,
26/01/2021,2021-01-26,8.5,2148,
26/01/2021,2021-01-26,10,1685,
26/01/2021,2021-01-26,12,1914,
25/01/2021,2021-01-25,9.5,1944,
22/01/2021,2021-01-22,10.5,1701,
22/01/2021,2021-01-22,11.5,1451,
21/01/2021,2021-01-21,10.5,1650,
20/01/2021,2021-01-20,12,1650,
20/01/2021,2021-01-20,12,1675,
19/01/2021,2021-01-19,9,1877,
19/01/2021,2021-01-19,10,1695,
19/01/2021,2021-01-19,10.5,1699,
18/01/2021,2021-01-18,15,1337,
15/01/2021,2021-01-15,8,1690,
14/01/2021,2021-01-14,12,1526,
13/01/2021,2021-01-13,8,1600,
13/01/2021,2021-01-13,10,1605,
13/01/2021,2021-01-13,10.5,1465,
12/01/2021,2021-01-12,8.5,2000,
12/01/2021,2021-01-12,10,1846,
12/01/2021,2021-01-12,11,1840,
10/01/2021,2021-01-10,10.5,1900,
09/01/2021,2021-01-09,11.5,2212,
09/01/2021,2021-01-09,11.5,1515,
08/01/2021,2021-01-08,10,1850,
06/01/2021,2021-01-06,18,519,
05/01/2021,2021-01-05,13,1200,
04/01/2021,2021-01-04,9.5,2442,
04/01/2021,2021-01-04,11,1755,
04/01/2021,2021-01-04,13,1195,
02/01/2021,2021-01-02,11,1730,
30/12/2020,2020-12-30,10,1501,
30/12/2020,2020-12-30,10,1855,
30/12/2020,2020-12-30,11.5,1650,
29/12/2020,2020-12-29,12,1545,
28/12/2020,2020-12-28,8.5,2100,
26/12/2020,2020-12-26,10.5,1400,
26/12/2020,2020-12-26,11,1510,
24/12/2020,2020-12-24,12,1600,
23/12/2020,2020-12-23,8.5,1600,
21/12/2020,2020-12-21,10,1750,
21/12/2020,2020-12-21,11.5,1598,
19/12/2020,2020-12-19,10.5,1697,
19/12/2020,2020-12-19,15,700,
18/12/2020,2020-12-18,8.5,1962,
16/12/2020,2020-12-16,12,1500,
15/12/2020,2020-12-15,10.5,1845,
15/12/2020,2020-12-15,11.5,1579,
14/12/2020,2020-12-14,9.5,1800,
13/12/2020,2020-12-13,10,1800,
13/12/2020,2020-12-13,12,1349,
10/12/2020,2020-12-10,8.5,2000,
10/12/2020,2020-12-10,9,1999,
10/12/2020,2020-12-10,10.5,1550,
09/12/2020,2020-12-09,10.5,1810,
09/12/2020,2020-12-09,11.5,1575,
08/12/2020,2020-12-08,9.5,1601,
07/12/2020,2020-12-07,11,1800,
06/12/2020,2020-12-06,9.5,1606,
06/12/2020,2020-12-06,10,1600,
04/12/2020,2020-12-04,8,1850,
04/12/2020,2020-12-04,10,1520,
04/12/2020,2020-12-04,10.5,1742,
04/12/2020,2020-12-04,12,1400,
03/12/2020,2020-12-03,9,1700,
03/12/2020,2020-12-03,9.5,1799,
03/12/2020,2020-12-03,10.5,1750,
02/12/2020,2020-12-02,10.5,1751,
01/12/2020,2020-12-01,9.5,1540,
01/12/2020,2020-12-01,10,1625,
01/12/2020,2020-12-01,10.5,1749,
30/11/2020,2020-11-30,9,1786,
30/11/2020,2020-11-30,9,1650,
30/11/2020,2020-11-30,9.5,1775,
30/11/2020,2020-11-30,12,1275,
29/11/2020,2020-11-29,10,1700,
29/11/2020,2020-11-29,12,1450,
28/11/2020,2020-11-28,9.5,1740,
28/11/2020,2020-11-28,10.5,1975,
27/11/2020,2020-11-27,8,1535,
27/11/2020,2020-11-27,13,1370,
26/11/2020,2020-11-26,9.5,1599,
25/11/2020,2020-11-25,10.5,1600,
24/11/2020,2020-11-24,10,1796,
23/11/2020,2020-11-23,7.5,3250,
23/11/2020,2020-11-23,9.5,1829,
21/11/2020,2020-11-21,11.5,1649,
19/11/2020,2020-11-19,11,1355,
19/11/2020,2020-11-19,12,1216,
18/11/2020,2020-11-18,9.5,1528,
18/11/2020,2020-11-18,10.5,1651,
17/11/2020,2020-11-17,7.5,3020,
16/11/2020,2020-11-16,10,1700,
15/11/2020,2020-11-15,9,1850,
15/11/2020,2020-11-15,12,1267,
13/11/2020,2020-11-13,10.5,1505,
13/11/2020,2020-11-13,11,1401,
13/11/2020,2020-11-13,11.5,1599,
11/11/2020,2020-11-11,9.5,1580,
11/11/2020,2020-11-11,10,1800,
11/11/2020,2020-11-11,10,1798,
11/11/2020,2020-11-11,11,1400,
11/11/2020,2020-11-11,15,990,
10/11/2020,2020-11-10,9.5,1800,
10/11/2020,2020-11-10,10.5,1450,
10/11/2020,2020-11-10,11,1799,
09/11/2020,2020-11-09,11,1381,
09/11/2020,2020-11-09,14,901,
08/11/2020,2020-11-08,11.5,1596,
07/11/2020,2020-11-07,8.5,1960,
07/11/2020,2020-11-07,11,1500,
07/11/2020,2020-11-07,11,1644,
07/11/2020,2020-11-07,11,1690,
06/11/2020,2020-11-06,8.5,1950,
06/11/2020,2020-11-06,8.5,1838,
06/11/2020,2020-11-06,10,1750,
06/11/2020,2020-11-06,10.5,1351,
06/11/2020,2020-11-06,13,1250,
05/11/2020,2020-11-05,8,1500,
05/11/2020,2020-11-05,10.5,1351,
05/11/2020,2020-11-05,11,1700,
04/11/2020,2020-11-04,9.5,1651,
04/11/2020,2020-11-04,10.5,1500,
04/11/2020,2020-11-04,10.5,1839,
03/11/2020,2020-11-03,9,1661,
02/11/2020,2020-11-02,10,1400,
02/11/2020,2020-11-02,10,1750,
02/11/2020,2020-11-02,12,1600,
30/10/2020,2020-10-30,13,1101,
29/10/2020,2020-10-29,10,1725,
29/10/2020,2020-10-29,10,1513,
29/10/2020,2020-10-29,11.5,1100,
28/10/2020,2020-10-28,9.5,2272,
28/10/2020,2020-10-28,10.5,1750,
28/10/2020,2020-10-28,12,1220,
27/10/2020,2020-10-27,10,1600,
27/10/2020,2020-10-27,10.5,1800,
24/10/2020,2020-10-24,9.5,1505,
24/10/2020,2020-10-24,11,1699,
24/10/2020,2020-10-24,11.5,1400,
24/10/2020,2020-10-24,12,1420,
24/10/2020,2020-10-24,13,1697,
23/10/2020,2020-10-23,7,734,
23/10/2020,2020-10-23,11.5,1300,
23/10/2020,2020-10-23,12,1220,
22/10/2020,2020-10-22,13,1500,
21/10/2020,2020-10-21,10.5,1850,
20/10/2020,2020-10-20,9,1550,
20/10/2020,2020-10-20,10,1949,
19/10/2020,2020-10-19,8.5,1900,
19/10/2020,2020-10-19,9,1776,
19/10/2020,2020-10-19,12,1280,
18/10/2020,2020-10-18,10.5,1600,
18/10/2020,2020-10-18,11,1922,
16/10/2020,2020-10-16,11.5,1299,
15/10/2020,2020-10-15,9.5,1600,
14/10/2020,2020-10-14,10,1503,
14/10/2020,2020-10-14,13,1486,
14/10/2020,2020-10-14,13,1250,
13/10/2020,2020-10-13,8.5,1877,
13/10/2020,2020-10-13,9.5,1800,
13/10/2020,2020-10-13,10,1677,
13/10/2020,2020-10-13,12,1488,
12/10/2020,2020-10-12,10,1752,
12/10/2020,2020-10-12,11,1700,
12/10/2020,2020-10-12,13,1150,
09/10/2020,2020-10-09,9.5,1630,
09/10/2020,2020-10-09,10.5,1840,
09/10/2020,2020-10-09,13,1249,
08/10/2020,2020-10-08,11,1500,
07/10/2020,2020-10-07,9.5,1864,
07/10/2020,2020-10-07,11,1704,
07/10/2020,2020-10-07,12,1299,
06/10/2020,2020-10-06,9.5,1525,
05/10/2020,2020-10-05,9,1653,
05/10/2020,2020-10-05,10.5,1800,
05/10/2020,2020-10-05,12,1299,
05/10/2020,2020-10-05,14,810,
04/10/2020,2020-10-04,15,910,
02/10/2020,2020-10-02,9,1876,
01/10/2020,2020-10-01,11.5,1151,
30/09/2020,2020-09-30,10,2432,
30/09/2020,2020-09-30,11,1641,
29/09/2020,2020-09-29,14,1000,
28/09/2020,2020-09-28,11,1550,
26/09/2020,2020-09-26,7.5,1750,
25/09/2020,2020-09-25,8.5,1900,
25/09/2020,2020-09-25,9.5,1800,
25/09/2020,2020-09-25,10,1601,
24/09/2020,2020-09-24,10,1506,
24/09/2020,2020-09-24,10.5,1600,
24/09/2020,2020-09-24,10.5,1649,
24/09/2020,2020-09-24,12,1372,
23/09/2020,2020-09-23,9.5,1526,
23/09/2020,2020-09-23,10,1510,
23/09/2020,2020-09-23,11,2205,
23/09/2020,2020-09-23,11.5,1450,
22/09/2020,2020-09-22,10,1520,
22/09/2020,2020-09-22,10,1590,
20/09/2020,2020-09-20,10.5,1600,
19/09/2020,2020-09-19,9.5,1531,
18/09/2020,2020-09-18,10.5,1295,
18/09/2020,2020-09-18,10.5,1500,
18/09/2020,2020-09-18,10.5,1515,
17/09/2020,2020-09-17,8.5,1560,
17/09/2020,2020-09-17,10,2329,
15/09/2020,2020-09-15,10,1514,
15/09/2020,2020-09-15,10,1675,
15/09/2020,2020-09-15,11,1517,
14/09/2020,2020-09-14,9.5,1565,
14/09/2020,2020-09-14,11,1500,
13/09/2020,2020-09-13,15,1075,
11/09/2020,2020-09-11,10,1777,
11/09/2020,2020-09-11,11,1500,
08/09/2020,2020-09-08,8.5,1604,
08/09/2020,2020-09-08,11,1201,
05/09/2020,2020-09-05,12,1550,
04/09/2020,2020-09-04,9,1799,
04/09/2020,2020-09-04,11.5,1599,
03/09/2020,2020-09-03,9.5,1522,
03/09/2020,2020-09-03,12,1650,
03/09/2020,2020-09-03,13,1450,
02/09/2020,2020-09-02,9.5,1550,
02/09/2020,2020-09-02,11,1276,
02/09/2020,2020-09-02,11,1277,
02/09/2020,2020-09-02,13,951,
02/09/2020,2020-09-02,13,1400,
31/08/2020,2020-08-31,10.5,1650,
31/08/2020,2020-08-31,12,1246,
30/08/2020,2020-08-30,11.5,1561,
30/08/2020,2020-08-30,12,1736,
30/08/2020,2020-08-30,12,1650,
29/08/2020,2020-08-29,10,1750,
28/08/2020,2020-08-28,9,1867,
27/08/2020,2020-08-27,13,1300,
27/08/2020,2020-08-27,13,1275,
26/08/2020,2020-08-26,10,1749,
26/08/2020,2020-08-26,10.5,1553,
26/08/2020,2020-08-26,12,1300,
26/08/2020,2020-08-26,13,1380,
25/08/2020,2020-08-25,11,1377,
25/08/2020,2020-08-25,11,1451,
25/08/2020,2020-08-25,11.5,1352,
24/08/2020,2020-08-24,11,1535,
23/08/2020,2020-08-23,9,1550,
23/08/2020,2020-08-23,10.5,1898,
20/08/2020,2020-08-20,11,1650,
20/08/2020,2020-08-20,15,1184,
18/08/2020,2020-08-18,11,1800,
16/08/2020,2020-08-16,8.5,1716,
14/08/2020,2020-08-14,10,1650,
14/08/2020,2020-08-14,11.5,1595,
13/08/2020,2020-08-13,10.5,1799,
13/08/2020,2020-08-13,11,1725,
12/08/2020,2020-08-12,11.5,1500,
10/08/2020,2020-08-10,11,1750,
09/08/2020,2020-08-09,10.5,1595,
08/08/2020,2020-08-08,9,1944,
07/08/2020,2020-08-07,10,1699,
06/08/2020,2020-08-06,10.5,1750,
05/08/2020,2020-08-05,10,1660,
05/08/2020,2020-08-05,11,1700,
05/08/2020,2020-08-05,11,1535,
05/08/2020,2020-08-05,11,1529,
05/08/2020,2020-08-05,12,1500,
04/08/2020,2020-08-04,9,1644,
04/08/2020,2020-08-04,9.5,1900,
04/08/2020,2020-08-04,11,1499,
04/08/2020,2020-08-04,12,1386,
03/08/2020,2020-08-03,8,1875,
03/08/2020,2020-08-03,10,1650,
01/08/2020,2020-08-01,10.5,1780,
31/07/2020,2020-07-31,9,1875,
30/07/2020,2020-07-30,8.5,1867,
30/07/2020,2020-07-30,10.5,1750,
30/07/2020,2020-07-30,13,1500,
30/07/2020,2020-07-30,13,1450,
28/07/2020,2020-07-28,9.5,1900,
28/07/2020,2020-07-28,11,1400,
27/07/2020,2020-07-27,9,1845,
27/07/2020,2020-07-27,9,1650,
27/07/2020,2020-07-27,11,1400,
26/07/2020,2020-07-26,9.5,1801,
26/07/2020,2020-07-26,10.5,1650,
25/07/2020,2020-07-25,9,1587,
25/07/2020,2020-07-25,10,1480,
24/07/2020,2020-07-24,9.5,1410,
23/07/2020,2020-07-23,9,1714,
23/07/2020,2020-07-23,9.5,1799,
23/07/2020,2020-07-23,10.5,1653,
23/07/2020,2020-07-23,13,1399,
22/07/2020,2020-07-22,10,1650,
22/07/2020,2020-07-22,10.5,1700,
21/07/2020,2020-07-21,8.5,1851,
21/07/2020,2020-07-21,11,1500,
20/07/2020,2020-07-20,9,1719,
20/07/2020,2020-07-20,10,1701,
20/07/2020,2020-07-20,11,1701,
19/07/2020,2020-07-19,8.5,2172,
19/07/2020,2020-07-19,10,1495,
19/07/2020,2020-07-19,11,1670,
19/07/2020,2020-07-19,14,1000,
18/07/2020,2020-07-18,9.5,1600,
18/07/2020,2020-07-18,10.5,1650,
17/07/2020,2020-07-17,8,1827,
17/07/2020,2020-07-17,13,1351,
16/07/2020,2020-07-16,10,1522,
16/07/2020,2020-07-16,11.5,1400,
14/07/2020,2020-07-14,9.5,1510,
14/07/2020,2020-07-14,10,1599,
14/07/2020,2020-07-14,11,1450,
14/07/2020,2020-07-14,13,1150,
13/07/2020,2020-07-13,8,1593,
13/07/2020,2020-07-13,9.5,1481,
11/07/2020,2020-07-11,11,1616,
11/07/2020,2020-07-11,13,1349,
10/07/2020,2020-07-10,10.5,1475,
10/07/2020,2020-07-10,15,1300,
09/07/2020,2020-07-09,8.5,1719,
09/07/2020,2020-07-09,10.5,1772,
09/07/2020,2020-07-09,11,1729,
09/07/2020,2020-07-09,12,1267,
08/07/2020,2020-07-08,9.5,1607,
08/07/2020,2020-07-08,11.5,1450,
08/07/2020,2020-07-08,11.5,1400,
07/07/2020,2020-07-07,10.5,1490,
06/07/2020,2020-07-06,9.5,1600,
06/07/2020,2020-07-06,10,1775,
06/07/2020,2020-07-06,10.5,1800,
04/07/2020,2020-07-04,9.5,1599,
04/07/2020,2020-07-04,10,1765,
04/07/2020,2020-07-04,13,1290,
03/07/2020,2020-07-03,8,1805,
03/07/2020,2020-07-03,9.5,1641,
03/07/2020,2020-07-03,11,1609,
02/07/2020,2020-07-02,9.5,1540,
01/07/2020,2020-07-01,7.5,1965,
01/07/2020,2020-07-01,8.5,1450,
01/07/2020,2020-07-01,11,1649,
30/06/2020,2020-06-30,11.5,1697,
30/06/2020,2020-06-30,14,1300,
29/06/2020,2020-06-29,9.5,1400,
29/06/2020,2020-06-29,9.5,1500,
29/06/2020,2020-06-29,9.5,1636,
28/06/2020,2020-06-28,10.5,1601,
27/06/2020,2020-06-27,10.5,1590,
26/06/2020,2020-06-26,13,1260,
25/06/2020,2020-06-25,10.5,1633,
25/06/2020,2020-06-25,11,1700,
25/06/2020,2020-06-25,11.5,1501,
25/06/2020,2020-06-25,14,1001,
24/06/2020,2020-06-24,11,1501,
23/06/2020,2020-06-23,8.5,1742,
23/06/2020,2020-06-23,10.5,1600,
22/06/2020,2020-06-22,9,1799,
22/06/2020,2020-06-22,10,1626,
22/06/2020,2020-06-22,12,1300,
21/06/2020,2020-06-21,10,1573,
21/06/2020,2020-06-21,10,1470,
21/06/2020,2020-06-21,10.5,1362,
20/06/2020,2020-06-20,9.5,1526,
20/06/2020,2020-06-20,11,1550,
19/06/2020,2020-06-19,9.5,1768,
18/06/2020,2020-06-18,10.5,1486,
18/06/2020,2020-06-18,10.5,1600,
18/06/2020,2020-06-18,11,1599,
17/06/2020,2020-06-17,10,1500,
17/06/2020,2020-06-17,11,1549,
17/06/2020,2020-06-17,12,1220,
16/06/2020,2020-06-16,11,1501,
15/06/2020,2020-06-15,10.5,1600,
15/06/2020,2020-06-15,12,1175,
14/06/2020,2020-06-14,9,1555,
14/06/2020,2020-06-14,9.5,1699,
14/06/2020,2020-06-14,10.5,1415,
14/06/2020,2020-06-14,11,1455,
14/06/2020,2020-06-14,11,1225,
13/06/2020,2020-06-13,8.5,1849,
13/06/2020,2020-06-13,11,1300,
13/06/2020,2020-06-13,11.5,1650,
12/06/2020,2020-06-12,8,1601,
12/06/2020,2020-06-12,10.5,1335,
12/06/2020,2020-06-12,12,1100,
11/06/2020,2020-06-11,10,1776,
11/06/2020,2020-06-11,11.5,1200,
11/06/2020,2020-06-11,12,1765,
11/06/2020,2020-06-11,14,1005,
10/06/2020,2020-06-10,11.5,1200,
10/06/2020,2020-06-10,13,1245,
09/06/2020,2020-06-09,10.5,1600,
09/06/2020,2020-06-09,10.5,1639,
09/06/2020,2020-06-09,11.5,1190,
08/06/2020,2020-06-08,10,1270,
08/06/2020,2020-06-08,11,1575,
07/06/2020,2020-06-07,10,1700,
07/06/2020,2020-06-07,10.5,1400,
07/06/2020,2020-06-07,11.5,1450,
07/06/2020,2020-06-07,13,1240,
06/06/2020,2020-06-06,9.5,1795,
06/06/2020,2020-06-06,10,1630,
05/06/2020,2020-06-05,8.5,1949,
05/06/2020,2020-06-05,9,1850,
05/06/2020,2020-06-05,10.5,1649,
05/06/2020,2020-06-05,13,1150,
04/06/2020,2020-06-04,10,1600,
03/06/2020,2020-06-03,8.5,1500,
02/06/2020,2020-06-02,9,1635,
02/06/2020,2020-06-02,9.5,1450,
02/06/2020,2020-06-02,9.5,1420,
02/06/2020,2020-06-02,10.5,1602,
01/06/2020,2020-06-01,10.5,1599,
31/05/2020,2020-05-31,11,1500,
30/05/2020,2020-05-30,9,1700,
30/05/2020,2020-05-30,9,1999,
29/05/2020,2020-05-29,10.5,1601,
29/05/2020,2020-05-29,11,1435,
28/05/2020,2020-05-28,8.5,1895,
28/05/2020,2020-05-28,9.5,1601,
28/05/2020,2020-05-28,11,1435,
27/05/2020,2020-05-27,10,1605,
27/05/2020,2020-05-27,13,1345,
27/05/2020,2020-05-27,15,1200,
26/05/2020,2020-05-26,10.5,1500,
26/05/2020,2020-05-26,11.5,1590,
25/05/2020,2020-05-25,9.5,1600,
24/05/2020,2020-05-24,10,1795,
23/05/2020,2020-05-23,10,1693,
23/05/2020,2020-05-23,10.5,1650,
23/05/2020,2020-05-23,10.5,1699,
23/05/2020,2020-05-23,11,1450,
23/05/2020,2020-05-23,11,1377,
22/05/2020,2020-05-22,8.5,1943,
22/05/2020,2020-05-22,10,1750,
22/05/2020,2020-05-22,11,1440,
22/05/2020,2020-05-22,13,1345,
21/05/2020,2020-05-21,8.5,1780,
21/05/2020,2020-05-21,9,1600,
21/05/2020,2020-05-21,10,1840,
21/05/2020,2020-05-21,10.5,1699,
20/05/2020,2020-05-20,11,1320,
20/05/2020,2020-05-20,11,1400,
19/05/2020,2020-05-19,10,1821,
19/05/2020,2020-05-19,10.5,1455,
19/05/2020,2020-05-19,11,1568,
19/05/2020,2020-05-19,15,997,
19/05/2020,2020-05-19,15,996,
18/05/2020,2020-05-18,8,1600,
18/05/2020,2020-05-18,10,1750,
18/05/2020,2020-05-18,10.5,1798,
18/05/2020,2020-05-18,10.5,1790,
18/05/2020,2020-05-18,11,1255,
18/05/2020,2020-05-18,11.5,1300,
17/05/2020,2020-05-17,7.5,2199,
17/05/2020,2020-05-17,11.5,1600,
17/05/2020,2020-05-17,12,1385,
17/05/2020,2020-05-17,13,1200,
16/05/2020,2020-05-16,10.5,1592,
16/05/2020,2020-05-16,13,1140,
15/05/2020,2020-05-15,9.5,1936,
15/05/2020,2020-05-15,9.5,1800,
15/05/2020,2020-05-15,10,1700,
15/05/2020,2020-05-15,10,1620,
15/05/2020,2020-05-15,11.5,1537,
15/05/2020,2020-05-15,11.5,1501,
14/05/2020,2020-05-14,9.5,1777,
14/05/2020,2020-05-14,10,1500,
14/05/2020,2020-05-14,12,1385,
14/05/2020,2020-05-14,13,1175,
13/05/2020,2020-05-13,10.5,1539,
13/05/2020,2020-05-13,13,1080,
12/05/2020,2020-05-12,8,1542,
12/05/2020,2020-05-12,10,1600,
12/05/2020,2020-05-12,10.5,1456,
12/05/2020,2020-05-12,11,1255,
12/05/2020,2020-05-12,12,1400,
12/05/2020,2020-05-12,12,1395,
11/05/2020,2020-05-11,10.5,1525,
10/05/2020,2020-05-10,9,1321,
09/05/2020,2020-05-09,9,1650,
09/05/2020,2020-05-09,10.5,1520,
09/05/2020,2020-05-09,11,1555,
09/05/2020,2020-05-09,11,1699,
09/05/2020,2020-05-09,11.5,1140,
08/05/2020,2020-05-08,9.5,1600,
08/05/2020,2020-05-08,11,1295,
08/05/2020,2020-05-08,14,999,
07/05/2020,2020-05-07,12,1200,
07/05/2020,2020-05-07,12,1260,
06/05/2020,2020-05-06,7,1640,
06/05/2020,2020-05-06,10,1190,
06/05/2020,2020-05-06,13,1100,
05/05/2020,2020-05-05,10,1210,
05/05/2020,2020-05-05,10.5,1300,
05/05/2020,2020-05-05,11,1500,
05/05/2020,2020-05-05,11,1400,
05/05/2020,2020-05-05,11.5,1352,
04/05/2020,2020-05-04,10,1300,
04/05/2020,2020-05-04,10,1295,
04/05/2020,2020-05-04,10.5,1401,
04/05/2020,2020-05-04,10.5,1365,
04/05/2020,2020-05-04,10.5,1364,
04/05/2020,2020-05-04,11,1500,
04/05/2020,2020-05-04,11,1478,
04/05/2020,2020-05-04,11,1400,
04/05/2020,2020-05-04,11,1350,
04/05/2020,2020-05-04,11.5,1200,
04/05/2020,2020-05-04,12,1233,
04/05/2020,2020-05-04,12,1123,
04/05/2020,2020-05-04,13,1099,
03/05/2020,2020-05-03,10.5,1300,
30/04/2020,2020-04-30,8,1501,
30/04/2020,2020-04-30,8.5,1601,
30/04/2020,2020-04-30,9.5,1385,
30/04/2020,2020-04-30,12,951,
29/04/2020,2020-04-29,8,1500,
29/04/2020,2020-04-29,10.5,1301,
29/04/2020,2020-04-29,11,1300,
29/04/2020,2020-04-29,11,1336,
29/04/2020,2020-04-29,13,1075,
28/04/2020,2020-04-28,9,1485,
28/04/2020,2020-04-28,10,1300,
28/04/2020,2020-04-28,12,915,
28/04/2020,2020-04-28,12,999,
27/04/2020,2020-04-27,9.5,1190,
27/04/2020,2020-04-27,10.5,1350,
27/04/2020,2020-04-27,11,1300,
27/04/2020,2020-04-27,11,1274,
27/04/2020,2020-04-27,11,1220,
27/04/2020,2020-04-27,12,915,
26/04/2020,2020-04-26,11.5,1200,
25/04/2020,2020-04-25,10.5,1300,
24/04/2020,2020-04-24,10.5,1299,
24/04/2020,2020-04-24,11.5,1186,
24/04/2020,2020-04-24,12,1233,
23/04/2020,2020-04-23,10,1072,
23/04/2020,2020-04-23,13,975,
22/04/2020,2020-04-22,9.5,1360,
22/04/2020,2020-04-22,10.5,1290,
22/04/2020,2020-04-22,10.5,1097,
22/04/2020,2020-04-22,10.5,1200,
22/04/2020,2020-04-22,11,1150,
21/04/2020,2020-04-21,14,677,
20/04/2020,2020-04-20,8.5,1380,
20/04/2020,2020-04-20,10,1300,
20/04/2020,2020-04-20,10,1260,
20/04/2020,2020-04-20,10,1255,
20/04/2020,2020-04-20,11,1150,
19/04/2020,2020-04-19,13,1000,
18/04/2020,2020-04-18,9,1431,
18/04/2020,2020-04-18,10,1199,
17/04/2020,2020-04-17,9,1275,
16/04/2020,2020-04-16,8,1242,
16/04/2020,2020-04-16,10,1115,
16/04/2020,2020-04-16,11,1175,
15/04/2020,2020-04-15,8.5,1419,
15/04/2020,2020-04-15,11.5,976,
15/04/2020,2020-04-15,13,849,
14/04/2020,2020-04-14,8,1252,
14/04/2020,2020-04-14,10.5,1183,
14/04/2020,2020-04-14,12,998,
13/04/2020,2020-04-13,8.5,1340,
13/04/2020,2020-04-13,10,1100,
13/04/2020,2020-04-13,10.5,1151,
12/04/2020,2020-04-12,7.5,1299,
12/04/2020,2020-04-12,10.5,1100,
11/04/2020,2020-04-11,9,1200,
11/04/2020,2020-04-11,10.5,1090,
11/04/2020,2020-04-11,13,767,
09/04/2020,2020-04-09,13,825,
08/04/2020,2020-04-08,10.5,1086,
07/04/2020,2020-04-07,9.5,1057,
07/04/2020,2020-04-07,11.5,900,
06/04/2020,2020-04-06,11.5,910,
05/04/2020,2020-04-05,11.5,975,
05/04/2020,2020-04-05,12,880,
04/04/2020,2020-04-04,12,860,
03/04/2020,2020-04-03,10.5,1098,
03/04/2020,2020-04-03,12,870,
03/04/2020,2020-04-03,13,796,
02/04/2020,2020-04-02,13,750,
02/04/2020,2020-04-02,15,547,
31/03/2020,2020-03-31,9,1150,
31/03/2020,2020-03-31,10.5,1020,
31/03/2020,2020-03-31,13,725,
30/03/2020,2020-03-30,11,1000,
29/03/2020,2020-03-29,13,710,
29/03/2020,2020-03-29,14,698,
28/03/2020,2020-03-28,9.5,1100,
27/03/2020,2020-03-27,10.5,990,
27/03/2020,2020-03-27,11,915,
27/03/2020,2020-03-27,11,906,
27/03/2020,2020-03-27,13,731,
26/03/2020,2020-03-26,11,900,
25/03/2020,2020-03-25,8,1639,
25/03/2020,2020-03-25,10.5,955,
24/03/2020,2020-03-24,9,1050,
24/03/2020,2020-03-24,9.5,1100,
24/03/2020,2020-03-24,10.5,940,
23/03/2020,2020-03-23,10,1085,
23/03/2020,2020-03-23,11,900,
22/03/2020,2020-03-22,9.5,900,
21/03/2020,2020-03-21,8,975,
21/03/2020,2020-03-21,9.5,1099,
21/03/2020,2020-03-21,11,851,
20/03/2020,2020-03-20,10.5,900,
19/03/2020,2020-03-19,10.5,985,
18/03/2020,2020-03-18,8,1097,
18/03/2020,2020-03-18,11,850,
18/03/2020,2020-03-18,12,970,
18/03/2020,2020-03-18,13,700,
17/03/2020,2020-03-17,8.5,1050,
17/03/2020,2020-03-17,9,1001,
16/03/2020,2020-03-16,9.5,1000,
16/03/2020,2020-03-16,10,850,
15/03/2020,2020-03-15,9.5,1100,
15/03/2020,2020-03-15,11,759,
15/03/2020,2020-03-15,11,799,
15/03/2020,2020-03-15,12,850,
14/03/2020,2020-03-14,10,1050,
13/03/2020,2020-03-13,11,783,
12/03/2020,2020-03-12,9,1197,
12/03/2020,2020-03-12,17,699,
11/03/2020,2020-03-11,9,1196,
11/03/2020,2020-03-11,10,1200,
11/03/2020,2020-03-11,11,769,
11/03/2020,2020-03-11,11.5,984,
11/03/2020,2020-03-11,12,840,
11/03/2020,2020-03-11,15,560,
10/03/2020,2020-03-10,10,1300,
10/03/2020,2020-03-10,12,820,
09/03/2020,2020-03-09,9,1000,
09/03/2020,2020-03-09,9,1092,
09/03/2020,2020-03-09,9.5,1100,
09/03/2020,2020-03-09,10,1137,
09/03/2020,2020-03-09,12,800,
08/03/2020,2020-03-08,13,790,
07/03/2020,2020-03-07,8.5,1050,
07/03/2020,2020-03-07,10,1028,
06/03/2020,2020-03-06,10.5,949,
06/03/2020,2020-03-06,13,706,
06/03/2020,2020-03-06,13,749,
04/03/2020,2020-03-04,11,880,
02/03/2020,2020-03-02,9,975,
02/03/2020,2020-03-02,9,1000,
02/03/2020,2020-03-02,9.5,1001,
02/03/2020,2020-03-02,11,751,
02/03/2020,2020-03-02,12,711,
02/03/2020,2020-03-02,13,689,
01/03/2020,2020-03-01,7.5,1528,
29/02/2020,2020-02-29,9,1095,
28/02/2020,2020-02-28,9.5,1150,
28/02/2020,2020-02-28,9.5,1050,
28/02/2020,2020-02-28,10,1120,
28/02/2020,2020-02-28,11.5,770,
27/02/2020,2020-02-27,9.5,1085,
27/02/2020,2020-02-27,9.5,1087,
27/02/2020,2020-02-27,10.5,1042,
27/02/2020,2020-02-27,13,669,
25/02/2020,2020-02-25,10.5,950,
25/02/2020,2020-02-25,11.5,775,
25/02/2020,2020-02-25,12,850,
25/02/2020,2020-02-25,13,665,
23/02/2020,2020-02-23,8.5,1225,
23/02/2020,2020-02-23,14,610,
21/02/2020,2020-02-21,8,1150,
21/02/2020,2020-02-21,9,1140,
21/02/2020,2020-02-21,11.5,780,
20/02/2020,2020-02-20,9,950,
20/02/2020,2020-02-20,9.5,1150,
20/02/2020,2020-02-20,10.5,1000,
20/02/2020,2020-02-20,10.5,968,
18/02/2020,2020-02-18,8,1100,
18/02/2020,2020-02-18,10,1200,
18/02/2020,2020-02-18,13,710,
17/02/2020,2020-02-17,9,988,
17/02/2020,2020-02-17,11,900,
16/02/2020,2020-02-16,7,1099,
15/02/2020,2020-02-15,10.5,968,
15/02/2020,2020-02-15,11.5,746,
15/02/2020,2020-02-15,13,690,
14/02/2020,2020-02-14,9.5,1100,
14/02/2020,2020-02-14,12,780,
13/02/2020,2020-02-13,10.5,950,
12/02/2020,2020-02-12,10.5,950,
11/02/2020,2020-02-11,9.5,1000,
11/02/2020,2020-02-11,10,1200,
11/02/2020,2020-02-11,10,1000,
11/02/2020,2020-02-11,11.5,750,
10/02/2020,2020-02-10,13,700,
09/02/2020,2020-02-09,10,975,
08/02/2020,2020-02-08,9.5,905,
07/02/2020,2020-02-07,9,1044,
07/02/2020,2020-02-07,10,949,
07/02/2020,2020-02-07,11.5,742,
07/02/2020,2020-02-07,11.5,741,
06/02/2020,2020-02-06,13,690,
04/02/2020,2020-02-04,8,1175,
04/02/2020,2020-02-04,10.5,899,
03/02/2020,2020-02-03,11.5,706,
02/02/2020,2020-02-02,10.5,880,
01/02/2020,2020-02-01,8,1150,
01/02/2020,2020-02-01,9,980,
01/02/2020,2020-02-01,10.5,850,
01/02/2020,2020-02-01,13,650,
31/01/2020,2020-01-31,8,1376,
31/01/2020,2020-01-31,9,1025,
30/01/2020,2020-01-30,9,940,
30/01/2020,2020-01-30,9.5,1250,
30/01/2020,2020-01-30,13,625,
29/01/2020,2020-01-29,13,623,
29/01/2020,2020-01-29,15,450,
28/01/2020,2020-01-28,9.5,1175,
28/01/2020,2020-01-28,13,580,
27/01/2020,2020-01-27,13,545,
24/01/2020,2020-01-24,13,625,
23/01/2020,2020-01-23,10.5,815,
22/01/2020,2020-01-22,12,666,
21/01/2020,2020-01-21,11,838,
20/01/2020,2020-01-20,10,1096,
20/01/2020,2020-01-20,11,850,
20/01/2020,2020-01-20,11,840,
20/01/2020,2020-01-20,12,660,
20/01/2020,2020-01-20,12,677,
20/01/2020,2020-01-20,13,620,
20/01/2020,2020-01-20,16,399,
19/01/2020,2020-01-19,8.5,1245,
19/01/2020,2020-01-19,12,690,
18/01/2020,2020-01-18,8,1113,
18/01/2020,2020-01-18,11,849,
16/01/2020,2020-01-16,8.5,1179,
15/01/2020,2020-01-15,9,1100,
15/01/2020,2020-01-15,9.5,1199,
15/01/2020,2020-01-15,11,808,
15/01/2020,2020-01-15,11,800,
14/01/2020,2020-01-14,10,850,
13/01/2020,2020-01-13,8.5,1012,
13/01/2020,2020-01-13,13,620,
12/01/2020,2020-01-12,11,795,
11/01/2020,2020-01-11,9.5,1042,
11/01/2020,2020-01-11,11,765,
11/01/2020,2020-01-11,13,595,
10/01/2020,2020-01-10,9,1060,
10/01/2020,2020-01-10,14,625,
09/01/2020,2020-01-09,9,1000,
08/01/2020,2020-01-08,9.5,800,
08/01/2020,2020-01-08,10.5,1076,
08/01/2020,2020-01-08,13,607,
07/01/2020,2020-01-07,9.5,1100,
07/01/2020,2020-01-07,10,932,
07/01/2020,2020-01-07,11,797,
07/01/2020,2020-01-07,13,572,
06/01/2020,2020-01-06,11,799,
06/01/2020,2020-01-06,13,564,
05/01/2020,2020-01-05,9,930,
05/01/2020,2020-01-05,9.5,970,
05/01/2020,2020-01-05,13,563,
05/01/2020,2020-01-05,16,385,
04/01/2020,2020-01-04,11,799,
04/01/2020,2020-01-04,11.5,785,
04/01/2020,2020-01-04,13,555,
03/01/2020,2020-01-03,9.5,990,
02/01/2020,2020-01-02,9.5,860,
02/01/2020,2020-01-02,11,797,
01/01/2020,2020-01-01,13,560,
31/12/2019,2019-12-31,9,892,
31/12/2019,2019-12-31,9.5,910,
31/12/2019,2019-12-31,11,650,
31/12/2019,2019-12-31,12,700,
31/12/2019,2019-12-31,13,567,
29/12/2019,2019-12-29,7,839,
29/12/2019,2019-12-29,9,1000,
29/12/2019,2019-12-29,9,1265,
28/12/2019,2019-12-28,8,950,
28/12/2019,2019-12-28,11,788,
28/12/2019,2019-12-28,11,710,
27/12/2019,2019-12-27,10,1033,
27/12/2019,2019-12-27,11,744,
27/12/2019,2019-12-27,11,695,
26/12/2019,2019-12-26,11.5,699,
24/12/2019,2019-12-24,9,1249,
24/12/2019,2019-12-24,10.5,818,
24/12/2019,2019-12-24,10.5,801,
23/12/2019,2019-12-23,9,900,
23/12/2019,2019-12-23,9,955,
22/12/2019,2019-12-22,12,700,
20/12/2019,2019-12-20,9,910,
20/12/2019,2019-12-20,14,585,
19/12/2019,2019-12-19,9.5,805,
19/12/2019,2019-12-19,10.5,779,
19/12/2019,2019-12-19,12,705,
18/12/2019,2019-12-18,11,700,
18/12/2019,2019-12-18,12,682,
17/12/2019,2019-12-17,10.5,660,
16/12/2019,2019-12-16,9,860,
16/12/2019,2019-12-16,10,801,
15/12/2019,2019-12-15,11.5,748,
15/12/2019,2019-12-15,12,700,
14/12/2019,2019-12-14,12,700,
14/12/2019,2019-12-14,13,510,
13/12/2019,2019-12-13,10,800,
13/12/2019,2019-12-13,10,795,
13/12/2019,2019-12-13,12,694,
13/12/2019,2019-12-13,12,675,
13/12/2019,2019-12-13,14,500,
12/12/2019,2019-12-12,10,750,
12/12/2019,2019-12-12,10.5,722,
11/12/2019,2019-12-11,10.5,685,
11/12/2019,2019-12-11,11.5,601,
11/12/2019,2019-12-11,12,670,
10/12/2019,2019-12-10,8,970,
10/12/2019,2019-12-10,8.5,1050,
10/12/2019,2019-12-10,9,965,
10/12/2019,2019-12-10,10.5,780,
10/12/2019,2019-12-10,16,398,
09/12/2019,2019-12-09,8.5,1000,
09/12/2019,2019-12-09,11.5,750,
09/12/2019,2019-12-09,12,675,
08/12/2019,2019-12-08,11,727,
08/12/2019,2019-12-08,13,550,
08/12/2019,2019-12-08,14,553,
06/12/2019,2019-12-06,8.5,1319,
06/12/2019,2019-12-06,8.5,800,
06/12/2019,2019-12-06,9.5,1031,
06/12/2019,2019-12-06,10,800,
06/12/2019,2019-12-06,10.5,699,
06/12/2019,2019-12-06,11,780,
06/12/2019,2019-12-06,17,300,
05/12/2019,2019-12-05,8,875,
05/12/2019,2019-12-05,9,926,
05/12/2019,2019-12-05,9.5,1020,
04/12/2019,2019-12-04,10,703,
04/12/2019,2019-12-04,10.5,680,
04/12/2019,2019-12-04,11,720,
04/12/2019,2019-12-04,11.5,697,
04/12/2019,2019-12-04,12,693,
04/12/2019,2019-12-04,13,600,
03/12/2019,2019-12-03,10.5,725,
03/12/2019,2019-12-03,11,730,
03/12/2019,2019-12-03,11,710,
03/12/2019,2019-12-03,11.5,695,
02/12/2019,2019-12-02,8,850,
02/12/2019,2019-12-02,8,855,
02/12/2019,2019-12-02,9.5,870,
02/12/2019,2019-12-02,10,725,
02/12/2019,2019-12-02,10,701,
02/12/2019,2019-12-02,10,780,
02/12/2019,2019-12-02,11,763,
30/11/2019,2019-11-30,9,999,
30/11/2019,2019-11-30,12,675,
29/11/2019,2019-11-29,11,800,
29/11/2019,2019-11-29,12,801,
29/11/2019,2019-11-29,12,699,
28/11/2019,2019-11-28,9.5,820,
27/11/2019,2019-11-27,9.5,1000,
27/11/2019,2019-11-27,10,779,
27/11/2019,2019-11-27,11,799,
27/11/2019,2019-11-27,11.5,690,
26/11/2019,2019-11-26,11.5,640,
26/11/2019,2019-11-26,12,680,
25/11/2019,2019-11-25,9.5,950,
25/11/2019,2019-11-25,11.5,734,
24/11/2019,2019-11-24,8.5,801,
24/11/2019,2019-11-24,9.5,850,
24/11/2019,2019-11-24,10,720,
23/11/2019,2019-11-23,11,685,
22/11/2019,2019-11-22,8.5,802,
22/11/2019,2019-11-22,9,845,
22/11/2019,2019-11-22,10,735,
22/11/2019,2019-11-22,10.5,780,
21/11/2019,2019-11-21,9.5,890,
21/11/2019,2019-11-21,11,776,
21/11/2019,2019-11-21,11.5,715,
21/11/2019,2019-11-21,12,680,
20/11/2019,2019-11-20,8,1000,
20/11/2019,2019-11-20,8.5,950,
20/11/2019,2019-11-20,9,900,
20/11/2019,2019-11-20,9,876,
20/11/2019,2019-11-20,9.5,900,
19/11/2019,2019-11-19,12,680,
18/11/2019,2019-11-18,10,850,
18/11/2019,2019-11-18,12,640,
16/11/2019,2019-11-16,10.5,775,
15/11/2019,2019-11-15,10.5,760,
15/11/2019,2019-11-15,11,775,
14/11/2019,2019-11-14,9,900,
14/11/2019,2019-11-14,10,799,
14/11/2019,2019-11-14,10.5,735,
14/11/2019,2019-11-14,13,575,
14/11/2019,2019-11-14,13,570,
13/11/2019,2019-11-13,8,849,
13/11/2019,2019-11-13,10,800,
13/11/2019,2019-11-13,11,768,
12/11/2019,2019-11-12,10,830,
11/11/2019,2019-11-11,9.5,1015,
11/11/2019,2019-11-11,9.5,990,
11/11/2019,2019-11-11,13,563,
10/11/2019,2019-11-10,9,880,
10/11/2019,2019-11-10,13,531,
09/11/2019,2019-11-09,10,749,
08/11/2019,2019-11-08,7.5,1200,
08/11/2019,2019-11-08,9,875,
08/11/2019,2019-11-08,12,665,
07/11/2019,2019-11-07,8.5,948,
07/11/2019,2019-11-07,8.5,920,
07/11/2019,2019-11-07,9.5,781,
07/11/2019,2019-11-07,11,753,
06/11/2019,2019-11-06,9.5,782,
06/11/2019,2019-11-06,10,850,
06/11/2019,2019-11-06,10.5,769,
06/11/2019,2019-11-06,10.5,750,
06/11/2019,2019-11-06,11.5,780,
05/11/2019,2019-11-05,11.5,775,
04/11/2019,2019-11-04,11,739,
04/11/2019,2019-11-04,11,681,
04/11/2019,2019-11-04,17,300,
03/11/2019,2019-11-03,8.5,800,
03/11/2019,2019-11-03,8.5,800,
02/11/2019,2019-11-02,11,775,
01/11/2019,2019-11-01,11,700,
01/11/2019,2019-11-01,11.5,726,
01/11/2019,2019-11-01,12,559,
01/11/2019,2019-11-01,12,615,
31/10/2019,2019-10-31,10.5,725,
31/10/2019,2019-10-31,11,690,
31/10/2019,2019-10-31,11,680,
31/10/2019,2019-10-31,11,684,
31/10/2019,2019-10-31,13,505,
30/10/2019,2019-10-30,9.5,995,
30/10/2019,2019-10-30,10,928,
30/10/2019,2019-10-30,10,927,
29/10/2019,2019-10-29,11,665,
27/10/2019,2019-10-27,10.5,798,
27/10/2019,2019-10-27,11,690,
26/10/2019,2019-10-26,11.5,750,
25/10/2019,2019-10-25,12,647,
25/10/2019,2019-10-25,13,545,
24/10/2019,2019-10-24,10,733,
24/10/2019,2019-10-24,10,760,
24/10/2019,2019-10-24,10.5,805,
23/10/2019,2019-10-23,9.5,850,
23/10/2019,2019-10-23,10,756,
23/10/2019,2019-10-23,11,606,
23/10/2019,2019-10-23,15,530,
23/10/2019,2019-10-23,18,191,
21/10/2019,2019-10-21,11,690,
21/10/2019,2019-10-21,17,227,
20/10/2019,2019-10-20,13,551,
18/10/2019,2019-10-18,10.5,642,
18/10/2019,2019-10-18,11,651,
18/10/2019,2019-10-18,11.5,650,
17/10/2019,2019-10-17,9.5,750,
17/10/2019,2019-10-17,9.5,751,
17/10/2019,2019-10-17,10,730,
17/10/2019,2019-10-17,12,640,
17/10/2019,2019-10-17,13,505,
17/10/2019,2019-10-17,13,530,
16/10/2019,2019-10-16,11.5,651,
15/10/2019,2019-10-15,7,700,
11/10/2019,2019-10-11,8,1050,
11/10/2019,2019-10-11,10,800,
11/10/2019,2019-10-11,11,727,
11/10/2019,2019-10-11,11.5,650,
10/10/2019,2019-10-10,8.5,966,
10/10/2019,2019-10-10,10,790,
10/10/2019,2019-10-10,10.5,849,
09/10/2019,2019-10-09,10.5,835,
09/10/2019,2019-10-09,17,420,
08/10/2019,2019-10-08,7,750,
08/10/2019,2019-10-08,9,990,
08/10/2019,2019-10-08,10,790,
08/10/2019,2019-10-08,11,759,
07/10/2019,2019-10-07,8.5,829,
07/10/2019,2019-10-07,9,841,
07/10/2019,2019-10-07,9,955,
07/10/2019,2019-10-07,9,879,
07/10/2019,2019-10-07,9.5,999,
07/10/2019,2019-10-07,9.5,988,
07/10/2019,2019-10-07,10.5,834,
06/10/2019,2019-10-06,11,750,
06/10/2019,2019-10-06,11,725,
06/10/2019,2019-10-06,11.5,675,
05/10/2019,2019-10-05,12,650,
05/10/2019,2019-10-05,12,675,
04/10/2019,2019-10-04,11,745,
04/10/2019,2019-10-04,12,669,
04/10/2019,2019-10-04,13,532,
04/10/2019,2019-10-04,13,515,
03/10/2019,2019-10-03,9,920,
03/10/2019,2019-10-03,9.5,945,
03/10/2019,2019-10-03,9.5,820,
03/10/2019,2019-10-03,9.5,839,
02/10/2019,2019-10-02,8.5,924,
02/10/2019,2019-10-02,11,718,
02/10/2019,2019-10-02,13,500,
30/09/2019,2019-09-30,10,755,
30/09/2019,2019-09-30,10,708,
30/09/2019,2019-09-30,10.5,651,
29/09/2019,2019-09-29,8,950,
29/09/2019,2019-09-29,8,900,
29/09/2019,2019-09-29,8.5,829,
29/09/2019,2019-09-29,8.5,949,
29/09/2019,2019-09-29,10.5,779,
29/09/2019,2019-09-29,12,664,
28/09/2019,2019-09-28,8,900,
28/09/2019,2019-09-28,14,491,
27/09/2019,2019-09-27,10.5,705,
27/09/2019,2019-09-27,10.5,815,
27/09/2019,2019-09-27,10.5,800,
27/09/2019,2019-09-27,11,678,
27/09/2019,2019-09-27,13,490,
25/09/2019,2019-09-25,10.5,801,
24/09/2019,2019-09-24,10,783,
24/09/2019,2019-09-24,12,665,
23/09/2019,2019-09-23,10.5,775,
22/09/2019,2019-09-22,10.5,780,
20/09/2019,2019-09-20,8.5,950,
20/09/2019,2019-09-20,9,945,
20/09/2019,2019-09-20,10.5,780,
20/09/2019,2019-09-20,11,787,
19/09/2019,2019-09-19,10.5,726,
19/09/2019,2019-09-19,11,785,
19/09/2019,2019-09-19,17,700,
19/09/2019,2019-09-19,17,349,
18/09/2019,2019-09-18,9.5,950,
18/09/2019,2019-09-18,11,782,
17/09/2019,2019-09-17,8.5,800,
17/09/2019,2019-09-17,10,756,
17/09/2019,2019-09-17,11.5,667,
16/09/2019,2019-09-16,8.5,900,
16/09/2019,2019-09-16,11,740,
15/09/2019,2019-09-15,12,641,
15/09/2019,2019-09-15,12,671,
14/09/2019,2019-09-14,9,824,
14/09/2019,2019-09-14,11,750,
14/09/2019,2019-09-14,11,675,
14/09/2019,2019-09-14,11,720,
13/09/2019,2019-09-13,9,840,
13/09/2019,2019-09-13,10,765,
11/09/2019,2019-09-11,8,927,
11/09/2019,2019-09-11,8,928,
11/09/2019,2019-09-11,9.5,855,
11/09/2019,2019-09-11,10,770,
11/09/2019,2019-09-11,11.5,692,
10/09/2019,2019-09-10,10,890,
10/09/2019,2019-09-10,12,650,
09/09/2019,2019-09-09,11.5,695,
08/09/2019,2019-09-08,13,567,
07/09/2019,2019-09-07,10,880,
07/09/2019,2019-09-07,10.5,789,
07/09/2019,2019-09-07,11,789,
07/09/2019,2019-09-07,11,785,
06/09/2019,2019-09-06,9,846,
06/09/2019,2019-09-06,10,788,
06/09/2019,2019-09-06,10.5,750,
06/09/2019,2019-09-06,11.5,693,
05/09/2019,2019-09-05,9.5,840,
05/09/2019,2019-09-05,11.5,630,
05/09/2019,2019-09-05,13,565,
04/09/2019,2019-09-04,10,799,
04/09/2019,2019-09-04,10,850,
03/09/2019,2019-09-03,8.5,1049,
03/09/2019,2019-09-03,12,695,
02/09/2019,2019-09-02,9,973,
02/09/2019,2019-09-02,10,895,
02/09/2019,2019-09-02,14,490,
01/09/2019,2019-09-01,9,865,
01/09/2019,2019-09-01,9,936,
01/09/2019,2019-09-01,10.5,750,
01/09/2019,2019-09-01,11,789,
31/08/2019,2019-08-31,8.5,926,
31/08/2019,2019-08-31,11,750,
31/08/2019,2019-08-31,11,750,
31/08/2019,2019-08-31,12,675,
30/08/2019,2019-08-30,8.5,1044,
30/08/2019,2019-08-30,9,978,
30/08/2019,2019-08-30,10,850,
30/08/2019,2019-08-30,10.5,750,
30/08/2019,2019-08-30,15,500,
29/08/2019,2019-08-29,9,999,
29/08/2019,2019-08-29,11,700,
29/08/2019,2019-08-29,13,485,
28/08/2019,2019-08-28,9.5,859,
28/08/2019,2019-08-28,10,845,
28/08/2019,2019-08-28,10.5,750,
28/08/2019,2019-08-28,11,735,
27/08/2019,2019-08-27,9,970,
27/08/2019,2019-08-27,11,734,
25/08/2019,2019-08-25,10,815,
25/08/2019,2019-08-25,12,665,
24/08/2019,2019-08-24,7,1275,
23/08/2019,2019-08-23,11,701,
23/08/2019,2019-08-23,14,528,
22/08/2019,2019-08-22,8,1199,
22/08/2019,2019-08-22,9,930,
22/08/2019,2019-08-22,10,802,
21/08/2019,2019-08-21,10,840,
21/08/2019,2019-08-21,11,680,
21/08/2019,2019-08-21,11.5,635,
20/08/2019,2019-08-20,10.5,735,
20/08/2019,2019-08-20,13,490,
19/08/2019,2019-08-19,8.5,985,
19/08/2019,2019-08-19,8.5,985,
19/08/2019,2019-08-19,12,650,
18/08/2019,2019-08-18,8.5,961,
18/08/2019,2019-08-18,10,833,
18/08/2019,2019-08-18,10.5,710,
18/08/2019,2019-08-18,10.5,715,
17/08/2019,2019-08-17,8.5,960,
16/08/2019,2019-08-16,10,839,
16/08/2019,2019-08-16,13,560,
15/08/2019,2019-08-15,9,881,
15/08/2019,2019-08-15,10,825,
15/08/2019,2019-08-15,13,555,
13/08/2019,2019-08-13,9,945,
13/08/2019,2019-08-13,10,800,
13/08/2019,2019-08-13,10,820,
13/08/2019,2019-08-13,11,730,
13/08/2019,2019-08-13,12,659,
12/08/2019,2019-08-12,9,945,
12/08/2019,2019-08-12,9.5,985,
12/08/2019,2019-08-12,10.5,744,
12/08/2019,2019-08-12,11.5,610,
12/08/2019,2019-08-12,11.5,660,
12/08/2019,2019-08-12,13,500,
11/08/2019,2019-08-11,8,1050,
10/08/2019,2019-08-10,8.5,899,
10/08/2019,2019-08-10,9,912,
10/08/2019,2019-08-10,9.5,900,
10/08/2019,2019-08-10,10,821,
09/08/2019,2019-08-09,9.5,950,
09/08/2019,2019-08-09,10,800,
09/08/2019,2019-08-09,10.5,740,
09/08/2019,2019-08-09,12,680,
08/08/2019,2019-08-08,11,759,
08/08/2019,2019-08-08,14,520,
07/08/2019,2019-08-07,13,565,
06/08/2019,2019-08-06,9,909,
06/08/2019,2019-08-06,10.5,685,
06/08/2019,2019-08-06,13,505,
05/08/2019,2019-08-05,11.5,661,
05/08/2019,2019-08-05,11.5,670,
05/08/2019,2019-08-05,14,475,
04/08/2019,2019-08-04,8.5,900,
04/08/2019,2019-08-04,9.5,925,
04/08/2019,2019-08-04,11,720,
03/08/2019,2019-08-03,12,684,
02/08/2019,2019-08-02,8,1140,
02/08/2019,2019-08-02,9,890,
02/08/2019,2019-08-02,9.5,880,
02/08/2019,2019-08-02,13,506,
02/08/2019,2019-08-02,13,520,
01/08/2019,2019-08-01,10,830,
01/08/2019,2019-08-01,10,720,
01/08/2019,2019-08-01,10.5,690,
31/07/2019,2019-07-31,9.5,803,
31/07/2019,2019-07-31,10,825,
30/07/2019,2019-07-30,9.5,803,
30/07/2019,2019-07-30,10,775,
30/07/2019,2019-07-30,10.5,688,
30/07/2019,2019-07-30,14,505,
29/07/2019,2019-07-29,10,825,
29/07/2019,2019-07-29,12,670,
29/07/2019,2019-07-29,12,670,
28/07/2019,2019-07-28,9,920,
27/07/2019,2019-07-27,10.5,685,
27/07/2019,2019-07-27,12,635,
27/07/2019,2019-07-27,12,628,
27/07/2019,2019-07-27,13,550,
26/07/2019,2019-07-26,9.5,810,
25/07/2019,2019-07-25,10,790,
25/07/2019,2019-07-25,10.5,690,
25/07/2019,2019-07-25,10.5,750,
24/07/2019,2019-07-24,8,1200,
24/07/2019,2019-07-24,10,830,
24/07/2019,2019-07-24,10.5,691,
23/07/2019,2019-07-23,7.5,989,
23/07/2019,2019-07-23,9,910,
23/07/2019,2019-07-23,10,790,
23/07/2019,2019-07-23,10.5,730,
23/07/2019,2019-07-23,11.5,660,
23/07/2019,2019-07-23,11.5,659,
22/07/2019,2019-07-22,8.5,1015,
22/07/2019,2019-07-22,10.5,715,
22/07/2019,2019-07-22,10.5,835,
21/07/2019,2019-07-21,10,856,
21/07/2019,2019-07-21,12,675,
20/07/2019,2019-07-20,8,913,
20/07/2019,2019-07-20,8.5,923,
20/07/2019,2019-07-20,10,845,
19/07/2019,2019-07-19,8,980,
19/07/2019,2019-07-19,9,955,
19/07/2019,2019-07-19,9.5,890,
19/07/2019,2019-07-19,10,821,
19/07/2019,2019-07-19,10.5,775,
19/07/2019,2019-07-19,11.5,662,
19/07/2019,2019-07-19,11.5,651,
19/07/2019,2019-07-19,12,600,
19/07/2019,2019-07-19,12,707,
18/07/2019,2019-07-18,8.5,1019,
18/07/2019,2019-07-18,8.5,1019,
18/07/2019,2019-07-18,9.5,936,
18/07/2019,2019-07-18,10,830,
18/07/2019,2019-07-18,10.5,865,
18/07/2019,2019-07-18,18,339,
17/07/2019,2019-07-17,9,970,
17/07/2019,2019-07-17,9.5,925,
17/07/2019,2019-07-17,10,840,
17/07/2019,2019-07-17,10.5,794,
17/07/2019,2019-07-17,11,849,
16/07/2019,2019-07-16,7.5,985,
16/07/2019,2019-07-16,8.5,951,
16/07/2019,2019-07-16,9,1000,
16/07/2019,2019-07-16,11,760,
16/07/2019,2019-07-16,13,560,
15/07/2019,2019-07-15,15,500,
14/07/2019,2019-07-14,8.5,1050,
12/07/2019,2019-07-12,10,839,
12/07/2019,2019-07-12,10.5,767,
12/07/2019,2019-07-12,11.5,650,
11/07/2019,2019-07-11,7.5,801,
10/07/2019,2019-07-10,10,777,
10/07/2019,2019-07-10,10,835,
10/07/2019,2019-07-10,11,730,
10/07/2019,2019-07-10,11.5,700,
09/07/2019,2019-07-09,9,1023,
09/07/2019,2019-07-09,10.5,775,
08/07/2019,2019-07-08,9.5,950,
08/07/2019,2019-07-08,10.5,700,
08/07/2019,2019-07-08,10.5,775,
08/07/2019,2019-07-08,10.5,760,
08/07/2019,2019-07-08,13,524,
07/07/2019,2019-07-07,9.5,949,
07/07/2019,2019-07-07,12,700,
07/07/2019,2019-07-07,13,551,
06/07/2019,2019-07-06,8.5,955,
06/07/2019,2019-07-06,10.5,750,
06/07/2019,2019-07-06,14,538,
05/07/2019,2019-07-05,11.5,722,
05/07/2019,2019-07-05,12,690,
04/07/2019,2019-07-04,9.5,900,
04/07/2019,2019-07-04,9.5,865,
04/07/2019,2019-07-04,13,595,
03/07/2019,2019-07-03,8,925,
03/07/2019,2019-07-03,9,950,
03/07/2019,2019-07-03,9.5,940,
03/07/2019,2019-07-03,9.5,935,
03/07/2019,2019-07-03,12,690,
03/07/2019,2019-07-03,12,651,
03/07/2019,2019-07-03,12,590,
02/07/2019,2019-07-02,8,1100,
02/07/2019,2019-07-02,9,901,
02/07/2019,2019-07-02,9,960,
02/07/2019,2019-07-02,11,605,
02/07/2019,2019-07-02,11,750,
02/07/2019,2019-07-02,12,680,
01/07/2019,2019-07-01,13,570,
30/06/2019,2019-06-30,8.5,838,
29/06/2019,2019-06-29,10,770,
28/06/2019,2019-06-28,8.5,842,
28/06/2019,2019-06-28,9,915,
28/06/2019,2019-06-28,9,860,
28/06/2019,2019-06-28,9.5,825,
28/06/2019,2019-06-28,10,756,
28/06/2019,2019-06-28,10,853,
28/06/2019,2019-06-28,10.5,795,
28/06/2019,2019-06-28,12,675,
27/06/2019,2019-06-27,7.5,801,
26/06/2019,2019-06-26,10,839,
26/06/2019,2019-06-26,10,770,
26/06/2019,2019-06-26,11,746,
25/06/2019,2019-06-25,9.5,830,
25/06/2019,2019-06-25,12,675,
25/06/2019,2019-06-25,13,590,
23/06/2019,2019-06-23,9.5,825,
23/06/2019,2019-06-23,9.5,787,
23/06/2019,2019-06-23,11,712,
22/06/2019,2019-06-22,9.5,780,
22/06/2019,2019-06-22,10,750,
22/06/2019,2019-06-22,12,670,
21/06/2019,2019-06-21,8.5,800,
21/06/2019,2019-06-21,9,975,
21/06/2019,2019-06-21,10,780,
20/06/2019,2019-06-20,12,600,
19/06/2019,2019-06-19,8.5,990,
19/06/2019,2019-06-19,10,799,
19/06/2019,2019-06-19,11,698,
19/06/2019,2019-06-19,12,646,
19/06/2019,2019-06-19,14,468,
18/06/2019,2019-06-18,8.5,900,
18/06/2019,2019-06-18,9,925,
17/06/2019,2019-06-17,15,565,
15/06/2019,2019-06-15,8.5,925,
15/06/2019,2019-06-15,10,770,
15/06/2019,2019-06-15,11.5,690,
13/06/2019,2019-06-13,8.5,850,
13/06/2019,2019-06-13,9,997,
13/06/2019,2019-06-13,9.5,870,
13/06/2019,2019-06-13,10.5,849,
13/06/2019,2019-06-13,10.5,790,
13/06/2019,2019-06-13,11,731,
12/06/2019,2019-06-12,8.5,921,
12/06/2019,2019-06-12,9.5,800,
12/06/2019,2019-06-12,11,700,
11/06/2019,2019-06-11,7.5,1085,
11/06/2019,2019-06-11,9,860,
11/06/2019,2019-06-11,9.5,865,
11/06/2019,2019-06-11,10.5,800,
11/06/2019,2019-06-11,10.5,799,
10/06/2019,2019-06-10,9,870,
10/06/2019,2019-06-10,9.5,860,
10/06/2019,2019-06-10,10,810,
10/06/2019,2019-06-10,10,805,
10/06/2019,2019-06-10,10.5,797,
09/06/2019,2019-06-09,10.5,795,
09/06/2019,2019-06-09,13,643,
08/06/2019,2019-06-08,11,700,
08/06/2019,2019-06-08,12,679,
08/06/2019,2019-06-08,12,635,
08/06/2019,2019-06-08,13,600,
07/06/2019,2019-06-07,9.5,870,
07/06/2019,2019-06-07,10.5,745,
06/06/2019,2019-06-06,10.5,747,
06/06/2019,2019-06-06,11.5,610,
04/06/2019,2019-06-04,9.5,900,
04/06/2019,2019-06-04,10.5,799,
04/06/2019,2019-06-04,11,666,
03/06/2019,2019-06-03,9,950,
03/06/2019,2019-06-03,9.5,875,
03/06/2019,2019-06-03,13,555,
02/06/2019,2019-06-02,9,840,
01/06/2019,2019-06-01,8.5,920,
31/05/2019,2019-05-31,11,746,
31/05/2019,2019-05-31,14,540,
30/05/2019,2019-05-30,9,920,
30/05/2019,2019-05-30,10,850,
30/05/2019,2019-05-30,10.5,775,
30/05/2019,2019-05-30,12,625,
30/05/2019,2019-05-30,12,648,
30/05/2019,2019-05-30,14,490,
29/05/2019,2019-05-29,9.5,850,
29/05/2019,2019-05-29,10,850,
29/05/2019,2019-05-29,12,640,
29/05/2019,2019-05-29,12,630,
29/05/2019,2019-05-29,13,525,
29/05/2019,2019-05-29,13,550,
29/05/2019,2019-05-29,14,530,
27/05/2019,2019-05-27,9,875,
27/05/2019,2019-05-27,13,620,
26/05/2019,2019-05-26,10.5,745,
24/05/2019,2019-05-24,10.5,685,
24/05/2019,2019-05-24,11,710,
24/05/2019,2019-05-24,11.5,725,
23/05/2019,2019-05-23,9.5,890,
23/05/2019,2019-05-23,10,850,
23/05/2019,2019-05-23,10.5,695,
23/05/2019,2019-05-23,11,705,
23/05/2019,2019-05-23,11.5,636,
22/05/2019,2019-05-22,9.5,803,
22/05/2019,2019-05-22,12,625,
22/05/2019,2019-05-22,13,550,
21/05/2019,2019-05-21,10,892,
21/05/2019,2019-05-21,10.5,774,
20/05/2019,2019-05-20,9,950,
20/05/2019,2019-05-20,9.5,818,
20/05/2019,2019-05-20,11,730,
19/05/2019,2019-05-19,9.5,810,
18/05/2019,2019-05-18,10.5,840,
18/05/2019,2019-05-18,13,510,
17/05/2019,2019-05-17,8.5,841,
17/05/2019,2019-05-17,10,905,
17/05/2019,2019-05-17,11,735,
17/05/2019,2019-05-17,12,627,
16/05/2019,2019-05-16,7.5,1065,
16/05/2019,2019-05-16,14,526,
15/05/2019,2019-05-15,8.5,925,
15/05/2019,2019-05-15,8.5,915,
15/05/2019,2019-05-15,9.5,832,
15/05/2019,2019-05-15,10,918,
15/05/2019,2019-05-15,10,800,
15/05/2019,2019-05-15,11,732,
14/05/2019,2019-05-14,9.5,890,
14/05/2019,2019-05-14,10.5,745,
14/05/2019,2019-05-14,11,681,
14/05/2019,2019-05-14,12,615,
13/05/2019,2019-05-13,9.5,803,
13/05/2019,2019-05-13,11,719,
12/05/2019,2019-05-12,8,1098,
12/05/2019,2019-05-12,11.5,725,
11/05/2019,2019-05-11,9,950,
11/05/2019,2019-05-11,10.5,830,
10/05/2019,2019-05-10,10,899,
10/05/2019,2019-05-10,11,734,
10/05/2019,2019-05-10,13,550,
09/05/2019,2019-05-09,10,876,
07/05/2019,2019-05-07,13,600,
06/05/2019,2019-05-06,11.5,725,
06/05/2019,2019-05-06,11.5,686,
05/05/2019,2019-05-05,11,740,
05/05/2019,2019-05-05,13,600,
04/05/2019,2019-05-04,9.5,801,
03/05/2019,2019-05-03,7.5,995,
03/05/2019,2019-05-03,9,1001,
03/05/2019,2019-05-03,10,879,
03/05/2019,2019-05-03,10.5,800,
02/05/2019,2019-05-02,9,999,
02/05/2019,2019-05-02,9,975,
02/05/2019,2019-05-02,9.5,895,
01/05/2019,2019-05-01,9,972,
01/05/2019,2019-05-01,10.5,849,
01/05/2019,2019-05-01,10.5,800,
30/04/2019,2019-04-30,7.5,900,
30/04/2019,2019-04-30,8,1050,
30/04/2019,2019-04-30,10,850,
30/04/2019,2019-04-30,10.5,770,
29/04/2019,2019-04-29,8,1000,
29/04/2019,2019-04-29,11.5,660,
29/04/2019,2019-04-29,11.5,656,
28/04/2019,2019-04-28,9,959,
27/04/2019,2019-04-27,10,875,
26/04/2019,2019-04-26,9,892,
26/04/2019,2019-04-26,9.5,889,
26/04/2019,2019-04-26,10.5,725,
26/04/2019,2019-04-26,11,680,
24/04/2019,2019-04-24,9,860,
24/04/2019,2019-04-24,9.5,801,
24/04/2019,2019-04-24,10,792,
24/04/2019,2019-04-24,10.5,770,
24/04/2019,2019-04-24,14,523,
23/04/2019,2019-04-23,8,1068,
23/04/2019,2019-04-23,9,895,
23/04/2019,2019-04-23,10,798,
22/04/2019,2019-04-22,8.5,889,
22/04/2019,2019-04-22,12,670,
21/04/2019,2019-04-21,8,1050,
21/04/2019,2019-04-21,9.5,804,
20/04/2019,2019-04-20,9,870,
20/04/2019,2019-04-20,10,840,
19/04/2019,2019-04-19,10,855,
18/04/2019,2019-04-18,10,790,
18/04/2019,2019-04-18,11,759,
18/04/2019,2019-04-18,11,675,
18/04/2019,2019-04-18,11.5,675,
18/04/2019,2019-04-18,11.5,700,
18/04/2019,2019-04-18,12,672,
17/04/2019,2019-04-17,8.5,855,
17/04/2019,2019-04-17,11,700,
17/04/2019,2019-04-17,13,565,
15/04/2019,2019-04-15,9.5,826,
15/04/2019,2019-04-15,10,875,
15/04/2019,2019-04-15,11,690,
15/04/2019,2019-04-15,11.5,685,
15/04/2019,2019-04-15,13,570,
14/04/2019,2019-04-14,9,900,
14/04/2019,2019-04-14,11,690,
14/04/2019,2019-04-14,11.5,682,
12/04/2019,2019-04-12,8.5,950,
12/04/2019,2019-04-12,10.5,899,
11/04/2019,2019-04-11,11,760,
11/04/2019,2019-04-11,11.5,675,
11/04/2019,2019-04-11,13,575,
10/04/2019,2019-04-10,8,980,
10/04/2019,2019-04-10,10,860,
10/04/2019,2019-04-10,11,765,
10/04/2019,2019-04-10,12,662,
09/04/2019,2019-04-09,7,1075,
09/04/2019,2019-04-09,7,900,
09/04/2019,2019-04-09,8.5,950,
09/04/2019,2019-04-09,10.5,849,
09/04/2019,2019-04-09,10.5,845,
08/04/2019,2019-04-08,9,941,
08/04/2019,2019-04-08,9.5,851,
07/04/2019,2019-04-07,10,825,
07/04/2019,2019-04-07,10.5,820,
06/04/2019,2019-04-06,8.5,980,
06/04/2019,2019-04-06,10,850,
04/04/2019,2019-04-04,13,625,
03/04/2019,2019-04-03,11,777,
03/04/2019,2019-04-03,12,670,
02/04/2019,2019-04-02,10.5,780,
02/04/2019,2019-04-02,11.5,650,
02/04/2019,2019-04-02,13,621,
01/04/2019,2019-04-01,9,865,
01/04/2019,2019-04-01,9,925,
01/04/2019,2019-04-01,11,770,
01/04/2019,2019-04-01,11,760,
01/04/2019,2019-04-01,13,551,
30/03/2019,2019-03-30,10,850,
29/03/2019,2019-03-29,8,944,
29/03/2019,2019-03-29,9,900,
28/03/2019,2019-03-28,10.5,840,
28/03/2019,2019-03-28,12,672,
28/03/2019,2019-03-28,13,575,
27/03/2019,2019-03-27,9.5,800,
27/03/2019,2019-03-27,10,785,
27/03/2019,2019-03-27,10,790,
27/03/2019,2019-03-27,11,690,
27/03/2019,2019-03-27,11.5,655,
27/03/2019,2019-03-27,11.5,648,
27/03/2019,2019-03-27,13,580,
27/03/2019,2019-03-27,15,897,
26/03/2019,2019-03-26,7.5,860,
26/03/2019,2019-03-26,8.5,845,
26/03/2019,2019-03-26,9,915,
26/03/2019,2019-03-26,9.5,880,
25/03/2019,2019-03-25,10.5,821,
25/03/2019,2019-03-25,11,676,
25/03/2019,2019-03-25,11,677,
25/03/2019,2019-03-25,11.5,665,
25/03/2019,2019-03-25,11.5,660,
24/03/2019,2019-03-24,9,925,
24/03/2019,2019-03-24,10,865,
23/03/2019,2019-03-23,12,687,
22/03/2019,2019-03-22,7.5,886,
22/03/2019,2019-03-22,8,846,
22/03/2019,2019-03-22,8.5,886,
22/03/2019,2019-03-22,9,936,
22/03/2019,2019-03-22,10.5,800,
22/03/2019,2019-03-22,14,545,
21/03/2019,2019-03-21,8.5,951,
21/03/2019,2019-03-21,12,675,
20/03/2019,2019-03-20,9.5,932,
20/03/2019,2019-03-20,10.5,799,
19/03/2019,2019-03-19,7.5,888,
19/03/2019,2019-03-19,9.5,950,
18/03/2019,2019-03-18,10.5,810,
18/03/2019,2019-03-18,10.5,785,
18/03/2019,2019-03-18,11.5,684,
17/03/2019,2019-03-17,8,905,
17/03/2019,2019-03-17,9,926,
17/03/2019,2019-03-17,10,850,
17/03/2019,2019-03-17,10.5,800,
16/03/2019,2019-03-16,10,839,
15/03/2019,2019-03-15,8.5,944,
15/03/2019,2019-03-15,8.5,867,
15/03/2019,2019-03-15,10,827,
15/03/2019,2019-03-15,10,810,
15/03/2019,2019-03-15,10.5,777,
15/03/2019,2019-03-15,11.5,620,
15/03/2019,2019-03-15,12,615,
14/03/2019,2019-03-14,8.5,868,
14/03/2019,2019-03-14,9,915,
14/03/2019,2019-03-14,11.5,600,
14/03/2019,2019-03-14,13,625,
13/03/2019,2019-03-13,12,675,
12/03/2019,2019-03-12,9,930,
12/03/2019,2019-03-12,12,640,
12/03/2019,2019-03-12,13,621,
11/03/2019,2019-03-11,8.5,831,
11/03/2019,2019-03-11,11,760,
11/03/2019,2019-03-11,12,654,
08/03/2019,2019-03-08,11,784,
07/03/2019,2019-03-07,10,826,
06/03/2019,2019-03-06,11,675,
06/03/2019,2019-03-06,15,580,
05/03/2019,2019-03-05,9,881,
05/03/2019,2019-03-05,10.5,820,
05/03/2019,2019-03-05,13,600,
04/03/2019,2019-03-04,8,852,
04/03/2019,2019-03-04,10,785,
03/03/2019,2019-03-03,8.5,944,
02/03/2019,2019-03-02,8.5,933,
02/03/2019,2019-03-02,12,722,
01/03/2019,2019-03-01,10,815,
01/03/2019,2019-03-01,11,726,
28/02/2019,2019-02-28,8,810,
28/02/2019,2019-02-28,9.5,925,
28/02/2019,2019-02-28,10,815,
28/02/2019,2019-02-28,11.5,675,
28/02/2019,2019-02-28,12,735,
28/02/2019,2019-02-28,13,560,
27/02/2019,2019-02-27,8.5,830,
27/02/2019,2019-02-27,9.5,910,
26/02/2019,2019-02-26,9,919,
26/02/2019,2019-02-26,10,806,
26/02/2019,2019-02-26,10,810,
26/02/2019,2019-02-26,10.5,799,
26/02/2019,2019-02-26,12,600,
26/02/2019,2019-02-26,12,600,
26/02/2019,2019-02-26,13,515,
25/02/2019,2019-02-25,13,550,
25/02/2019,2019-02-25,13,550,
24/02/2019,2019-02-24,8,899,
24/02/2019,2019-02-24,8,800,
22/02/2019,2019-02-22,9,865,
22/02/2019,2019-02-22,10.5,800,
21/02/2019,2019-02-21,10,795,
20/02/2019,2019-02-20,11.5,582,
20/02/2019,2019-02-20,12,735,
19/02/2019,2019-02-19,10,720,
19/02/2019,2019-02-19,10.5,826,
19/02/2019,2019-02-19,11.5,630,
18/02/2019,2019-02-18,10,760,
18/02/2019,2019-02-18,10.5,850,
18/02/2019,2019-02-18,11.5,675,
17/02/2019,2019-02-17,9.5,890,
17/02/2019,2019-02-17,9.5,880,
17/02/2019,2019-02-17,12,631,
15/02/2019,2019-02-15,9,918,
15/02/2019,2019-02-15,11,795,
15/02/2019,2019-02-15,11,790,
14/02/2019,2019-02-14,7,950,
14/02/2019,2019-02-14,9,900,
14/02/2019,2019-02-14,9.5,885,
13/02/2019,2019-02-13,10.5,696,
13/02/2019,2019-02-13,13,520,
13/02/2019,2019-02-13,13,520,
12/02/2019,2019-02-12,9,890,
12/02/2019,2019-02-12,10.5,745,
11/02/2019,2019-02-11,8,875,
11/02/2019,2019-02-11,9.5,785,
11/02/2019,2019-02-11,11,793,
11/02/2019,2019-02-11,11.5,723,
11/02/2019,2019-02-11,12,592,
09/02/2019,2019-02-09,9.5,815,
09/02/2019,2019-02-09,10,770,
09/02/2019,2019-02-09,11,780,
08/02/2019,2019-02-08,10,690,
08/02/2019,2019-02-08,10,718,
08/02/2019,2019-02-08,11,650,
07/02/2019,2019-02-07,8.5,850,
07/02/2019,2019-02-07,9,802,
07/02/2019,2019-02-07,9,838,
07/02/2019,2019-02-07,12,639,
07/02/2019,2019-02-07,12,595,
06/02/2019,2019-02-06,9.5,800,
06/02/2019,2019-02-06,11,700,
06/02/2019,2019-02-06,13,525,
04/02/2019,2019-02-04,8.5,850,
04/02/2019,2019-02-04,9.5,807,
04/02/2019,2019-02-04,10.5,710,
03/02/2019,2019-02-03,10,730,
02/02/2019,2019-02-02,9,890,
02/02/2019,2019-02-02,11,779,
01/02/2019,2019-02-01,11,700,
01/02/2019,2019-02-01,12,650,
31/01/2019,2019-01-31,10.5,710,
31/01/2019,2019-01-31,11.5,615,
30/01/2019,2019-01-30,7.5,901,
30/01/2019,2019-01-30,10,791,
30/01/2019,2019-01-30,10,779,
30/01/2019,2019-01-30,12,610,
30/01/2019,2019-01-30,13,569,
29/01/2019,2019-01-29,10,735,
29/01/2019,2019-01-29,10.5,720,
29/01/2019,2019-01-29,11,687,
29/01/2019,2019-01-29,14,485,
28/01/2019,2019-01-28,13,569,
27/01/2019,2019-01-27,8.5,760,
27/01/2019,2019-01-27,9.5,750,
26/01/2019,2019-01-26,11,690,
26/01/2019,2019-01-26,12,609,
26/01/2019,2019-01-26,14,480,
25/01/2019,2019-01-25,11.5,625,
25/01/2019,2019-01-25,12,590,
24/01/2019,2019-01-24,10.5,737,
23/01/2019,2019-01-23,7.5,802,
23/01/2019,2019-01-23,8,880,
23/01/2019,2019-01-23,9,909,
23/01/2019,2019-01-23,9.5,875,
23/01/2019,2019-01-23,9.5,850,
23/01/2019,2019-01-23,10,788,
23/01/2019,2019-01-23,10.5,740,
23/01/2019,2019-01-23,11,625,
22/01/2019,2019-01-22,8.5,936,
22/01/2019,2019-01-22,8.5,850,
22/01/2019,2019-01-22,13,569,
19/01/2019,2019-01-19,10,745,
19/01/2019,2019-01-19,10,722,
18/01/2019,2019-01-18,9,910,
18/01/2019,2019-01-18,12,582,
17/01/2019,2019-01-17,8,865,
17/01/2019,2019-01-17,8.5,895,
16/01/2019,2019-01-16,11.5,600,
15/01/2019,2019-01-15,10.5,700,
15/01/2019,2019-01-15,11.5,599,
15/01/2019,2019-01-15,14,506,
14/01/2019,2019-01-14,9.5,815,
14/01/2019,2019-01-14,10,740,
14/01/2019,2019-01-14,11,590,
13/01/2019,2019-01-13,9,909,
13/01/2019,2019-01-13,11.5,682,
12/01/2019,2019-01-12,13,501,
12/01/2019,2019-01-12,15,440,
11/01/2019,2019-01-11,7.5,720,
11/01/2019,2019-01-11,10,687,
10/01/2019,2019-01-10,8,874,
10/01/2019,2019-01-10,9,900,
10/01/2019,2019-01-10,9,710,
10/01/2019,2019-01-10,12,591,
09/01/2019,2019-01-09,9.5,785,
09/01/2019,2019-01-09,10.5,620,
09/01/2019,2019-01-09,11.5,679,
08/01/2019,2019-01-08,9,918,
08/01/2019,2019-01-08,10,715,
07/01/2019,2019-01-07,8.5,925,
07/01/2019,2019-01-07,12,599,
07/01/2019,2019-01-07,13,675,
06/01/2019,2019-01-06,8,870,
06/01/2019,2019-01-06,9.5,875,
06/01/2019,2019-01-06,11.5,649,
05/01/2019,2019-01-05,13,617,
04/01/2019,2019-01-04,7.5,905,
04/01/2019,2019-01-04,9,918,
04/01/2019,2019-01-04,9.5,873,
04/01/2019,2019-01-04,9.5,870,
04/01/2019,2019-01-04,11,570,
04/01/2019,2019-01-04,11,685,
03/01/2019,2019-01-03,11,681,
03/01/2019,2019-01-03,11,665,
03/01/2019,2019-01-03,11,664,
03/01/2019,2019-01-03,13,626,
03/01/2019,2019-01-03,13,625,
02/01/2019,2019-01-02,10,680,
02/01/2019,2019-01-02,11.5,630,
01/01/2019,2019-01-01,12,591,
31/12/2018,2018-12-31,10,700,
31/12/2018,2018-12-31,13,624,
30/12/2018,2018-12-30,12,600,
29/12/2018,2018-12-29,11,585,
28/12/2018,2018-12-28,8.5,935,
28/12/2018,2018-12-28,8.5,800,
27/12/2018,2018-12-27,9,900,
27/12/2018,2018-12-27,13,550,
26/12/2018,2018-12-26,10,685,
26/12/2018,2018-12-26,11.5,669,
25/12/2018,2018-12-25,8.5,945,
25/12/2018,2018-12-25,10,685,
25/12/2018,2018-12-25,11,679,
25/12/2018,2018-12-25,14,520,
24/12/2018,2018-12-24,10,684,
24/12/2018,2018-12-24,13,550,
23/12/2018,2018-12-23,10,690,
22/12/2018,2018-12-22,11,680,
22/12/2018,2018-12-22,13,549,
21/12/2018,2018-12-21,12,540,
21/12/2018,2018-12-21,13,475,
20/12/2018,2018-12-20,12,545,
19/12/2018,2018-12-19,13,517,
18/12/2018,2018-12-18,9.5,870,
18/12/2018,2018-12-18,10,784,
18/12/2018,2018-12-18,10,750,
18/12/2018,2018-12-18,13,475,
17/12/2018,2018-12-17,12,547,
16/12/2018,2018-12-16,10,784,
13/12/2018,2018-12-13,7.5,900,
13/12/2018,2018-12-13,11,682,
13/12/2018,2018-12-13,12,549,
13/12/2018,2018-12-13,13,515,
12/12/2018,2018-12-12,10,745,
12/12/2018,2018-12-12,12,519,
12/12/2018,2018-12-12,13,490,
11/12/2018,2018-12-11,9,900,
11/12/2018,2018-12-11,10,705,
11/12/2018,2018-12-11,11,580,
10/12/2018,2018-12-10,8,853,
10/12/2018,2018-12-10,14,450,
08/12/2018,2018-12-08,9,935,
08/12/2018,2018-12-08,9,915,
08/12/2018,2018-12-08,11,600,
07/12/2018,2018-12-07,9.5,875,
06/12/2018,2018-12-06,8.5,936,
05/12/2018,2018-12-05,9.5,840,
05/12/2018,2018-12-05,11.5,609,
05/12/2018,2018-12-05,12,550,
04/12/2018,2018-12-04,12,520,
03/12/2018,2018-12-03,8,935,
03/12/2018,2018-12-03,11,721,
03/12/2018,2018-12-03,11.5,517,
02/12/2018,2018-12-02,11.5,609,
01/12/2018,2018-12-01,13,490,
30/11/2018,2018-11-30,11,697,
29/11/2018,2018-11-29,7,715,
29/11/2018,2018-11-29,11.5,502,
29/11/2018,2018-11-29,11.5,511,
28/11/2018,2018-11-28,13,452,
27/11/2018,2018-11-27,9,750,
27/11/2018,2018-11-27,11.5,500,
27/11/2018,2018-11-27,14,500,
27/11/2018,2018-11-27,14,501,
26/11/2018,2018-11-26,9.5,830,
26/11/2018,2018-11-26,12,529,
25/11/2018,2018-11-25,8,980,
25/11/2018,2018-11-25,9,911,
24/11/2018,2018-11-24,11,675,
24/11/2018,2018-11-24,15,445,
23/11/2018,2018-11-23,11,660,
23/11/2018,2018-11-23,12,549,
20/11/2018,2018-11-20,11.5,563,
20/11/2018,2018-11-20,12,545,
19/11/2018,2018-11-19,9,716,
19/11/2018,2018-11-19,11.5,557,
16/11/2018,2018-11-16,9.5,850,
15/11/2018,2018-11-15,9.5,841,
15/11/2018,2018-11-15,9.5,760,
15/11/2018,2018-11-15,11,649,
14/11/2018,2018-11-14,9,906,
14/11/2018,2018-11-14,11.5,500,
12/11/2018,2018-11-12,8,960,
12/11/2018,2018-11-12,9.5,775,
12/11/2018,2018-11-12,11.5,562,
12/11/2018,2018-11-12,12,511,
09/11/2018,2018-11-09,9,910,
09/11/2018,2018-11-09,12,570,
09/11/2018,2018-11-09,13,540,
08/11/2018,2018-11-08,9.5,728,
08/11/2018,2018-11-08,9.5,721,
06/11/2018,2018-11-06,8,995,
06/11/2018,2018-11-06,8.5,790,
06/11/2018,2018-11-06,9,700,
06/11/2018,2018-11-06,12,535,
05/11/2018,2018-11-05,13,493,
04/11/2018,2018-11-04,8.5,1000,
04/11/2018,2018-11-04,9,901,
04/11/2018,2018-11-04,9,860,
04/11/2018,2018-11-04,13,539,
03/11/2018,2018-11-03,11.5,565,
01/11/2018,2018-11-01,11.5,485,
01/11/2018,2018-11-01,11.5,480,
01/11/2018,2018-11-01,12,515,
01/11/2018,2018-11-01,12,500,
31/10/2018,2018-10-31,12,511,
31/10/2018,2018-10-31,14,420,
30/10/2018,2018-10-30,9,780,
29/10/2018,2018-10-29,9.5,795,
29/10/2018,2018-10-29,12,537,
28/10/2018,2018-10-28,8,980,
28/10/2018,2018-10-28,9.5,750,
28/10/2018,2018-10-28,11.5,525,
28/10/2018,2018-10-28,13,530,
26/10/2018,2018-10-26,9,794,
26/10/2018,2018-10-26,14,474,
26/10/2018,2018-10-26,14,470,
25/10/2018,2018-10-25,9.5,820,
25/10/2018,2018-10-25,12,480,
25/10/2018,2018-10-25,14,420,
24/10/2018,2018-10-24,12,490,
23/10/2018,2018-10-23,8,890,
23/10/2018,2018-10-23,9,859,
23/10/2018,2018-10-23,12,496,
22/10/2018,2018-10-22,9.5,816,
22/10/2018,2018-10-22,11.5,520,
19/10/2018,2018-10-19,8,900,
19/10/2018,2018-10-19,13,493,
18/10/2018,2018-10-18,8.5,880,
18/10/2018,2018-10-18,9,850,
18/10/2018,2018-10-18,9.5,817,
18/10/2018,2018-10-18,9.5,860,
17/10/2018,2018-10-17,12,540,
16/10/2018,2018-10-16,9.5,870,
15/10/2018,2018-10-15,8,800,
13/10/2018,2018-10-13,12,550,
11/10/2018,2018-10-11,11.5,570,
11/10/2018,2018-10-11,12,549,
11/10/2018,2018-10-11,13,465,
09/10/2018,2018-10-09,9.5,771,
09/10/2018,2018-10-09,9.5,775,
09/10/2018,2018-10-09,13,490,
05/10/2018,2018-10-05,13,495,
04/10/2018,2018-10-04,8.5,850,
03/10/2018,2018-10-03,12,548,
03/10/2018,2018-10-03,12,520,
03/10/2018,2018-10-03,15,545,
02/10/2018,2018-10-02,9.5,840,
02/10/2018,2018-10-02,11.5,590,
01/10/2018,2018-10-01,8,900,
01/10/2018,2018-10-01,9,925,
01/10/2018,2018-10-01,9.5,777,
01/10/2018,2018-10-01,13,475,
30/09/2018,2018-09-30,9,855,
29/09/2018,2018-09-29,15,445,
28/09/2018,2018-09-28,8,850,
28/09/2018,2018-09-28,9.5,795,
28/09/2018,2018-09-28,12,510,
26/09/2018,2018-09-26,8,855,
26/09/2018,2018-09-26,13,490,
25/09/2018,2018-09-25,8.5,900,
25/09/2018,2018-09-25,9.5,850,
25/09/2018,2018-09-25,9.5,830,
24/09/2018,2018-09-24,9.5,799,
24/09/2018,2018-09-24,9.5,773,
24/09/2018,2018-09-24,12,515,
24/09/2018,2018-09-24,13,485,
22/09/2018,2018-09-22,12,500,
22/09/2018,2018-09-22,13,463,
20/09/2018,2018-09-20,8.5,850,
19/09/2018,2018-09-19,9.5,800,
17/09/2018,2018-09-17,9.5,770,
17/09/2018,2018-09-17,9.5,775,
17/09/2018,2018-09-17,9.5,776,
16/09/2018,2018-09-16,9,801,
15/09/2018,2018-09-15,9,820,
15/09/2018,2018-09-15,11.5,570,
14/09/2018,2018-09-14,8.5,782,
14/09/2018,2018-09-14,12,555,
13/09/2018,2018-09-13,7,800,
11/09/2018,2018-09-11,9,820,
11/09/2018,2018-09-11,12,585,
10/09/2018,2018-09-10,8.5,900,
10/09/2018,2018-09-10,9,793,
10/09/2018,2018-09-10,12,585,
09/09/2018,2018-09-09,9.5,795,
09/09/2018,2018-09-09,9.5,777,
09/09/2018,2018-09-09,13,455,
08/09/2018,2018-09-08,9.5,765,
08/09/2018,2018-09-08,12,520,
06/09/2018,2018-09-06,7.5,713,
06/09/2018,2018-09-06,8,778,
06/09/2018,2018-09-06,8.5,895,
06/09/2018,2018-09-06,9,795,
06/09/2018,2018-09-06,11.5,575,
05/09/2018,2018-09-05,8.5,821,
05/09/2018,2018-09-05,9.5,739,
03/09/2018,2018-09-03,8,820,
03/09/2018,2018-09-03,9.5,800,
02/09/2018,2018-09-02,9,820,
01/09/2018,2018-09-01,9.5,795,
01/09/2018,2018-09-01,9.5,760,
01/09/2018,2018-09-01,9.5,740,
31/08/2018,2018-08-31,11.5,566,
30/08/2018,2018-08-30,12,551,
29/08/2018,2018-08-29,8,820,
29/08/2018,2018-08-29,12,485,
28/08/2018,2018-08-28,8,930,
28/08/2018,2018-08-28,8.5,815,
28/08/2018,2018-08-28,12,500,
27/08/2018,2018-08-27,8,875,
27/08/2018,2018-08-27,13,470,
26/08/2018,2018-08-26,9.5,775,
26/08/2018,2018-08-26,12,520,
26/08/2018,2018-08-26,12,514,
24/08/2018,2018-08-24,9.5,775,
24/08/2018,2018-08-24,13,469,
23/08/2018,2018-08-23,13,469,
22/08/2018,2018-08-22,12,500,
21/08/2018,2018-08-21,9,845,
21/08/2018,2018-08-21,13,465,
20/08/2018,2018-08-20,8.5,800,
20/08/2018,2018-08-20,9.5,691,
19/08/2018,2018-08-19,9.5,799,
18/08/2018,2018-08-18,9.5,796,
17/08/2018,2018-08-17,8,750,
17/08/2018,2018-08-17,8.5,750,
17/08/2018,2018-08-17,9.5,675,
16/08/2018,2018-08-16,8,749,
15/08/2018,2018-08-15,11.5,550,
15/08/2018,2018-08-15,14,495,
14/08/2018,2018-08-14,8,740,
13/08/2018,2018-08-13,8,706,
13/08/2018,2018-08-13,8,720,
12/08/2018,2018-08-12,8.5,775,
10/08/2018,2018-08-10,9.5,710,
10/08/2018,2018-08-10,9.5,710,
10/08/2018,2018-08-10,13,435,
09/08/2018,2018-08-09,11.5,556,
09/08/2018,2018-08-09,16,398,
08/08/2018,2018-08-08,9,750,
08/08/2018,2018-08-08,9.5,715,
07/08/2018,2018-08-07,13,420,
03/08/2018,2018-08-03,8,799,
02/08/2018,2018-08-02,9,690,
02/08/2018,2018-08-02,12,511,
01/08/2018,2018-08-01,8.5,755,
01/08/2018,2018-08-01,9,745,
31/07/2018,2018-07-31,9,746,
31/07/2018,2018-07-31,9,750,
30/07/2018,2018-07-30,9.5,720,
28/07/2018,2018-07-28,9,750,
28/07/2018,2018-07-28,11.5,569,
28/07/2018,2018-07-28,13,474,
27/07/2018,2018-07-27,9,745,
27/07/2018,2018-07-27,9.5,690,
27/07/2018,2018-07-27,13,470,
24/07/2018,2018-07-24,9.5,785,
21/07/2018,2018-07-21,7.5,700,
21/07/2018,2018-07-21,13,470,
19/07/2018,2018-07-19,9,750,
19/07/2018,2018-07-19,9.5,750,
19/07/2018,2018-07-19,9.5,740,
19/07/2018,2018-07-19,11.5,550,
18/07/2018,2018-07-18,7.5,659,
17/07/2018,2018-07-17,8.5,800,
17/07/2018,2018-07-17,11.5,530,
17/07/2018,2018-07-17,12,550,
14/07/2018,2018-07-14,14,457,
10/07/2018,2018-07-10,9,695,
07/07/2018,2018-07-07,9.5,750,
07/07/2018,2018-07-07,11.5,542,
07/07/2018,2018-07-07,12,555,
07/07/2018,2018-07-07,13,465,
06/07/2018,2018-07-06,14,475,
05/07/2018,2018-07-05,8,769,
03/07/2018,2018-07-03,8.5,900,
30/06/2018,2018-06-30,7.5,700,
29/06/2018,2018-06-29,9,800,
26/06/2018,2018-06-26,9,800,
25/06/2018,2018-06-25,9.5,780,
25/06/2018,2018-06-25,11.5,501,
24/06/2018,2018-06-24,9.5,750,
24/06/2018,2018-06-24,11.5,520,
22/06/2018,2018-06-22,11.5,560,
21/06/2018,2018-06-21,9,738,
21/06/2018,2018-06-21,9.5,715,
21/06/2018,2018-06-21,9.5,636,
21/06/2018,2018-06-21,13,475,
20/06/2018,2018-06-20,8.5,788,
19/06/2018,2018-06-19,9,730,
19/06/2018,2018-06-19,13,400,
18/06/2018,2018-06-18,11.5,550,
18/06/2018,2018-06-18,12,533,
16/06/2018,2018-06-16,8.5,750,
16/06/2018,2018-06-16,12,532,
13/06/2018,2018-06-13,7.5,745,
13/06/2018,2018-06-13,9,700,
08/06/2018,2018-06-08,11.5,572,
06/06/2018,2018-06-06,8,775,
05/06/2018,2018-06-05,12,535,
04/06/2018,2018-06-04,9,684,
03/06/2018,2018-06-03,13,490,
02/06/2018,2018-06-02,13,520,
02/06/2018,2018-06-02,13,475,
01/06/2018,2018-06-01,9,789,
31/05/2018,2018-05-31,8,725,
31/05/2018,2018-05-31,8.5,731,
31/05/2018,2018-05-31,11.5,525,
31/05/2018,2018-05-31,12,535,
30/05/2018,2018-05-30,12,501,
30/05/2018,2018-05-30,12,526,
30/05/2018,2018-05-30,14,535,
29/05/2018,2018-05-29,13,500,
26/05/2018,2018-05-26,13,450,
25/05/2018,2018-05-25,9,705,
25/05/2018,2018-05-25,13,456,
22/05/2018,2018-05-22,7.5,650,
21/05/2018,2018-05-21,9,745,
21/05/2018,2018-05-21,11.5,550,
21/05/2018,2018-05-21,13,450,
20/05/2018,2018-05-20,11.5,520,
20/05/2018,2018-05-20,12,525,
18/05/2018,2018-05-18,13,445,
17/05/2018,2018-05-17,8.5,730,
17/05/2018,2018-05-17,13,440,
17/05/2018,2018-05-17,16,410,
16/05/2018,2018-05-16,12,520,
14/05/2018,2018-05-14,12,483,
11/05/2018,2018-05-11,9,755,
11/05/2018,2018-05-11,12,512,
11/05/2018,2018-05-11,13,415,
10/05/2018,2018-05-10,8.5,710,
08/05/2018,2018-05-08,11.5,560,
08/05/2018,2018-05-08,12,561,
07/05/2018,2018-05-07,9,775,
07/05/2018,2018-05-07,9,725,
04/05/2018,2018-05-04,9,792,
04/05/2018,2018-05-04,12,556,
04/05/2018,2018-05-04,12,545,
04/05/2018,2018-05-04,12,545,
04/05/2018,2018-05-04,13,415,
02/05/2018,2018-05-02,9,721,
30/04/2018,2018-04-30,12,535,
27/04/2018,2018-04-27,12,543,
26/04/2018,2018-04-26,9,775,
24/04/2018,2018-04-24,8,725,
24/04/2018,2018-04-24,9,750,
23/04/2018,2018-04-23,13,490,
22/04/2018,2018-04-22,8,695,
21/04/2018,2018-04-21,13,460,
20/04/2018,2018-04-20,11.5,560,
19/04/2018,2018-04-19,9,700,
18/04/2018,2018-04-18,8,750,
18/04/2018,2018-04-18,11.5,560,
18/04/2018,2018-04-18,12,500,
17/04/2018,2018-04-17,9,710,
17/04/2018,2018-04-17,12,481,
14/04/2018,2018-04-14,8,744,
14/04/2018,2018-04-14,8.5,830,
13/04/2018,2018-04-13,9,745,
13/04/2018,2018-04-13,12,480,
12/04/2018,2018-04-12,8,725,
11/04/2018,2018-04-11,9,720,
11/04/2018,2018-04-11,18,193,
10/04/2018,2018-04-10,13,420,
10/04/2018,2018-04-10,13,485,
09/04/2018,2018-04-09,11.5,505,
09/04/2018,2018-04-09,12,436,
08/04/2018,2018-04-08,8,694,
08/04/2018,2018-04-08,9,705,
06/04/2018,2018-04-06,7.5,740,
06/04/2018,2018-04-06,14,535,
05/04/2018,2018-04-05,8.5,795,
04/04/2018,2018-04-04,9,682,
04/04/2018,2018-04-04,11.5,485,
03/04/2018,2018-04-03,9,745,
03/04/2018,2018-04-03,14,540,
02/04/2018,2018-04-02,9,740,
02/04/2018,2018-04-02,13,470,
02/04/2018,2018-04-02,15,570,
30/03/2018,2018-03-30,9,675,
29/03/2018,2018-03-29,8,660,
29/03/2018,2018-03-29,8.5,700,
29/03/2018,2018-03-29,11.5,472,
28/03/2018,2018-03-28,8.5,750,
28/03/2018,2018-03-28,9,710,
28/03/2018,2018-03-28,13,480,
27/03/2018,2018-03-27,9,730,
26/03/2018,2018-03-26,14,465,
25/03/2018,2018-03-25,8,719,
25/03/2018,2018-03-25,12,475,
25/03/2018,2018-03-25,12,474,
25/03/2018,2018-03-25,13,488,
25/03/2018,2018-03-25,15,350,
24/03/2018,2018-03-24,8,662,
24/03/2018,2018-03-24,9,739,
22/03/2018,2018-03-22,8,671,
20/03/2018,2018-03-20,12,461,
19/03/2018,2018-03-19,9,721,
18/03/2018,2018-03-18,7.5,586,
18/03/2018,2018-03-18,9,735,
13/03/2018,2018-03-13,9,717,
13/03/2018,2018-03-13,11.5,550,
13/03/2018,2018-03-13,13,475,
12/03/2018,2018-03-12,11.5,550,
10/03/2018,2018-03-10,9,685,
07/03/2018,2018-03-07,11.5,550,
06/03/2018,2018-03-06,12,519,
05/03/2018,2018-03-05,9,660,
05/03/2018,2018-03-05,12,465,
03/03/2018,2018-03-03,8,661,
03/03/2018,2018-03-03,11.5,530,
03/03/2018,2018-03-03,12,480,
02/03/2018,2018-03-02,12,465,
02/03/2018,2018-03-02,14,406,
01/03/2018,2018-03-01,8.5,700,
28/02/2018,2018-02-28,11.5,510,
28/02/2018,2018-02-28,13,490,
27/02/2018,2018-02-27,9,625,
25/02/2018,2018-02-25,11.5,500,
25/02/2018,2018-02-25,13,521,
24/02/2018,2018-02-24,8.5,700,
24/02/2018,2018-02-24,9,580,
24/02/2018,2018-02-24,14,500,
22/02/2018,2018-02-22,8,660,
22/02/2018,2018-02-22,11.5,495,
21/02/2018,2018-02-21,8,760,
21/02/2018,2018-02-21,12,483,
20/02/2018,2018-02-20,13,415,
19/02/2018,2018-02-19,9,680,
19/02/2018,2018-02-19,13,400,
18/02/2018,2018-02-18,9,620,
18/02/2018,2018-02-18,9,615,
18/02/2018,2018-02-18,9,612,
16/02/2018,2018-02-16,8.5,700,
16/02/2018,2018-02-16,12,400,
14/02/2018,2018-02-14,11.5,515,
13/02/2018,2018-02-13,11.5,455,
13/02/2018,2018-02-13,14,405,
12/02/2018,2018-02-12,12,425,
12/02/2018,2018-02-12,12,450,
11/02/2018,2018-02-11,8.5,665,
10/02/2018,2018-02-10,9,625,
10/02/2018,2018-02-10,12,435,
09/02/2018,2018-02-09,8,665,
08/02/2018,2018-02-08,12,445,
04/02/2018,2018-02-04,9,612,
03/02/2018,2018-02-03,13,389,
02/02/2018,2018-02-02,7.5,750,
02/02/2018,2018-02-02,8,561,
02/02/2018,2018-02-02,13,388,
01/02/2018,2018-02-01,18,275,
29/01/2018,2018-01-29,9,650,
29/01/2018,2018-01-29,12,469,
29/01/2018,2018-01-29,13,360,
27/01/2018,2018-01-27,12,480,
27/01/2018,2018-01-27,13,365,
26/01/2018,2018-01-26,7.5,650,
25/01/2018,2018-01-25,8.5,650,
25/01/2018,2018-01-25,8.5,604,
25/01/2018,2018-01-25,13,376,
25/01/2018,2018-01-25,14,400,
24/01/2018,2018-01-24,8.5,640,
24/01/2018,2018-01-24,8.5,630,
23/01/2018,2018-01-23,7,625,
23/01/2018,2018-01-23,8,760,
23/01/2018,2018-01-23,8,670,
23/01/2018,2018-01-23,9,610,
23/01/2018,2018-01-23,11.5,452,
23/01/2018,2018-01-23,12,460,
23/01/2018,2018-01-23,13,366,
22/01/2018,2018-01-22,9,750,
22/01/2018,2018-01-22,13,365,
21/01/2018,2018-01-21,9,575,
20/01/2018,2018-01-20,12,475,
19/01/2018,2018-01-19,13,390,
18/01/2018,2018-01-18,8,760,
18/01/2018,2018-01-18,8.5,630,
18/01/2018,2018-01-18,8.5,620,
18/01/2018,2018-01-18,9,570,
18/01/2018,2018-01-18,12,515,
18/01/2018,2018-01-18,13,370,
17/01/2018,2018-01-17,8.5,585,
17/01/2018,2018-01-17,9,600,
16/01/2018,2018-01-16,8.5,700,
15/01/2018,2018-01-15,8.5,650,
15/01/2018,2018-01-15,11.5,460,
15/01/2018,2018-01-15,12,479,
14/01/2018,2018-01-14,9,750,
14/01/2018,2018-01-14,9,750,
14/01/2018,2018-01-14,13,402,
13/01/2018,2018-01-13,12,481,
12/01/2018,2018-01-12,12,490,
08/01/2018,2018-01-08,8.5,550,
08/01/2018,2018-01-08,9,520,
07/01/2018,2018-01-07,9,750,
06/01/2018,2018-01-06,8.5,803,
04/01/2018,2018-01-04,12,436,
02/01/2018,2018-01-02,11.5,400,
02/01/2018,2018-01-02,13,400,
01/01/2018,2018-01-01,8,600,
31/12/2017,2017-12-31,11.5,650,
29/12/2017,2017-12-29,8,760,
28/12/2017,2017-12-28,13,390,
27/12/2017,2017-12-27,11.5,614,
27/12/2017,2017-12-27,13,563,
26/12/2017,2017-12-26,13,370,
24/12/2017,2017-12-24,8,589,
23/12/2017,2017-12-23,11.5,605,
21/12/2017,2017-12-21,8,500,
21/12/2017,2017-12-21,11.5,605,
21/12/2017,2017-12-21,13,573,
20/12/2017,2017-12-20,8,575,
20/12/2017,2017-12-20,13,370,
19/12/2017,2017-12-19,8,550,
19/12/2017,2017-12-19,11.5,398,
19/12/2017,2017-12-19,11.5,450,
19/12/2017,2017-12-19,13,550,
18/12/2017,2017-12-18,7,550,
18/12/2017,2017-12-18,8,540,
14/12/2017,2017-12-14,13,550,
14/12/2017,2017-12-14,13,325,
13/12/2017,2017-12-13,8.5,625,
12/12/2017,2017-12-12,8,525,
12/12/2017,2017-12-12,8.5,700,
12/12/2017,2017-12-12,11.5,396,
12/12/2017,2017-12-12,13,325,
11/12/2017,2017-12-11,7.5,456,
11/12/2017,2017-12-11,11.5,430,
11/12/2017,2017-12-11,13,550,
11/12/2017,2017-12-11,15,470,
11/12/2017,2017-12-11,16,380,
10/12/2017,2017-12-10,11.5,425,
08/12/2017,2017-12-08,13,330,
07/12/2017,2017-12-07,13,350,
06/12/2017,2017-12-06,8,524,
05/12/2017,2017-12-05,13,341,
05/12/2017,2017-12-05,13,540,
04/12/2017,2017-12-04,8,777,
04/12/2017,2017-12-04,13,350,
04/12/2017,2017-12-04,13,475,
03/12/2017,2017-12-03,7.5,750,
02/12/2017,2017-12-02,13,375,
01/12/2017,2017-12-01,8.5,619,
30/11/2017,2017-11-30,11.5,420,
28/11/2017,2017-11-28,11.5,429,
27/11/2017,2017-11-27,11.5,420,
26/11/2017,2017-11-26,11.5,605,
26/11/2017,2017-11-26,11.5,605,
24/11/2017,2017-11-24,7.5,663,
24/11/2017,2017-11-24,11.5,400,
24/11/2017,2017-11-24,13,350,
21/11/2017,2017-11-21,8.5,475,
21/11/2017,2017-11-21,16,500,
20/11/2017,2017-11-20,13,550,
19/11/2017,2017-11-19,7.5,670,
19/11/2017,2017-11-19,8.5,835,
19/11/2017,2017-11-19,13,405,
19/11/2017,2017-11-19,14,365,
18/11/2017,2017-11-18,8,470,
18/11/2017,2017-11-18,8.5,650,
18/11/2017,2017-11-18,11.5,605,
17/11/2017,2017-11-17,8.5,574,
17/11/2017,2017-11-17,13,600,
14/11/2017,2017-11-14,11.5,475,
11/11/2017,2017-11-11,8,540,
11/11/2017,2017-11-11,11.5,460,
10/11/2017,2017-11-10,7.5,675,
05/11/2017,2017-11-05,7.5,558,
05/11/2017,2017-11-05,8.5,650,
03/11/2017,2017-11-03,8.5,565,
03/11/2017,2017-11-03,13,305,
03/11/2017,2017-11-03,13,331,
03/11/2017,2017-11-03,13,475,
01/11/2017,2017-11-01,7.5,487,
01/11/2017,2017-11-01,11.5,401,
01/11/2017,2017-11-01,14,310,
31/10/2017,2017-10-31,8.5,500,
31/10/2017,2017-10-31,13,335,
29/10/2017,2017-10-29,8.5,470,
28/10/2017,2017-10-28,14,600,
26/10/2017,2017-10-26,11.5,475,
25/10/2017,2017-10-25,13,350,
24/10/2017,2017-10-24,8.5,452,
24/10/2017,2017-10-24,13,471,
23/10/2017,2017-10-23,11.5,458,
23/10/2017,2017-10-23,13,350,
22/10/2017,2017-10-22,8.5,599,
22/10/2017,2017-10-22,11.5,425,
22/10/2017,2017-10-22,15,415,
20/10/2017,2017-10-20,8,624,
20/10/2017,2017-10-20,14,461,
17/10/2017,2017-10-17,11.5,400,
13/10/2017,2017-10-13,7.5,600,
13/10/2017,2017-10-13,18,450,
11/10/2017,2017-10-11,8,580,
11/10/2017,2017-10-11,11.5,400,
10/10/2017,2017-10-10,8,750,
10/10/2017,2017-10-10,8.5,500,
09/10/2017,2017-10-09,7,600,
09/10/2017,2017-10-09,11.5,405,
08/10/2017,2017-10-08,8,625,
06/10/2017,2017-10-06,8.5,493,
05/10/2017,2017-10-05,8,480,
29/09/2017,2017-09-29,11.5,420,
26/09/2017,2017-09-26,8,475,
25/09/2017,2017-09-25,7.5,460,
25/09/2017,2017-09-25,7.5,599,
25/09/2017,2017-09-25,8.5,438,
23/09/2017,2017-09-23,8.5,650,
22/09/2017,2017-09-22,7.5,525,
19/09/2017,2017-09-19,11.5,600,
14/09/2017,2017-09-14,8,625,
14/09/2017,2017-09-14,8.5,619,
11/09/2017,2017-09-11,11.5,455,
09/09/2017,2017-09-09,8.5,604,
09/09/2017,2017-09-09,11.5,410,
07/09/2017,2017-09-07,8.5,495,
06/09/2017,2017-09-06,8.5,573,
06/09/2017,2017-09-06,11.5,400,
04/09/2017,2017-09-04,8.5,600,
04/09/2017,2017-09-04,11.5,425,
03/09/2017,2017-09-03,8.5,495,
01/09/2017,2017-09-01,11.5,400,
29/08/2017,2017-08-29,8.5,480,
28/08/2017,2017-08-28,8,525,
28/08/2017,2017-08-28,8.5,548,
28/08/2017,2017-08-28,11.5,370,
27/08/2017,2017-08-27,8,500,
26/08/2017,2017-08-26,8.5,600,
26/08/2017,2017-08-26,8.5,600,
26/08/2017,2017-08-26,8.5,573,
25/08/2017,2017-08-25,8,430,
24/08/2017,2017-08-24,11.5,335,
24/08/2017,2017-08-24,11.5,360,
24/08/2017,2017-08-24,15,425,
23/08/2017,2017-08-23,14,320,
22/08/2017,2017-08-22,7.5,573,
21/08/2017,2017-08-21,8,599,
21/08/2017,2017-08-21,11.5,380,
16/08/2017,2017-08-16,11.5,387,
15/08/2017,2017-08-15,8.5,499,
14/08/2017,2017-08-14,8,525,
14/08/2017,2017-08-14,11.5,400,
11/08/2017,2017-08-11,8.5,600,
09/08/2017,2017-08-09,8,500,
09/08/2017,2017-08-09,8.5,566,
09/08/2017,2017-08-09,18,300,
08/08/2017,2017-08-08,8.5,600,
07/08/2017,2017-08-07,7.5,600,
05/08/2017,2017-08-05,11.5,522,
05/08/2017,2017-08-05,11.5,360,
04/08/2017,2017-08-04,7.5,495,
04/08/2017,2017-08-04,11.5,380,
02/08/2017,2017-08-02,8,411,
01/08/2017,2017-08-01,8,416,
31/07/2017,2017-07-31,15,599,
27/07/2017,2017-07-27,8.5,539,
26/07/2017,2017-07-26,7.5,550,
26/07/2017,2017-07-26,11.5,450,
25/07/2017,2017-07-25,8,475,
24/07/2017,2017-07-24,8.5,500,
24/07/2017,2017-07-24,11.5,385,
22/07/2017,2017-07-22,8.5,600,
22/07/2017,2017-07-22,8.5,430,
20/07/2017,2017-07-20,7.5,450,
20/07/2017,2017-07-20,11.5,400,
18/07/2017,2017-07-18,7.5,550,
18/07/2017,2017-07-18,14,450,
16/07/2017,2017-07-16,11.5,405,
14/07/2017,2017-07-14,8,575,
13/07/2017,2017-07-13,8,568,
11/07/2017,2017-07-11,11.5,450,
11/07/2017,2017-07-11,11.5,405,
09/07/2017,2017-07-09,8,550,
07/07/2017,2017-07-07,8.5,550,
07/07/2017,2017-07-07,8.5,500,
04/07/2017,2017-07-04,8.5,599,
03/07/2017,2017-07-03,7.5,573,
02/07/2017,2017-07-02,8.5,433,
02/07/2017,2017-07-02,15,450,
30/06/2017,2017-06-30,11.5,450,
30/06/2017,2017-06-30,11.5,336,
26/06/2017,2017-06-26,8,500,
26/06/2017,2017-06-26,8,521,
25/06/2017,2017-06-25,11.5,345,
25/06/2017,2017-06-25,14,350,
23/06/2017,2017-06-23,7.5,550,
22/06/2017,2017-06-22,8.5,550,
22/06/2017,2017-06-22,11.5,450,
19/06/2017,2017-06-19,8.5,434,
19/06/2017,2017-06-19,14,350,
17/06/2017,2017-06-17,17,325,
16/06/2017,2017-06-16,11.5,450,
11/06/2017,2017-06-11,11.5,408,
11/06/2017,2017-06-11,11.5,450,
07/06/2017,2017-06-07,11.5,450,
06/06/2017,2017-06-06,8.5,500,
05/06/2017,2017-06-05,8.5,521,
01/06/2017,2017-06-01,8,470,
01/06/2017,2017-06-01,8.5,573,
30/05/2017,2017-05-30,8.5,550,
29/05/2017,2017-05-29,8.5,444,
27/05/2017,2017-05-27,8,500,
27/05/2017,2017-05-27,8.5,521,
27/05/2017,2017-05-27,8.5,455,
24/05/2017,2017-05-24,7.5,623,
24/05/2017,2017-05-24,11.5,522,
23/05/2017,2017-05-23,8,435,
23/05/2017,2017-05-23,8,521,
23/05/2017,2017-05-23,11.5,350,
22/05/2017,2017-05-22,8.5,430,
22/05/2017,2017-05-22,15,325,
20/05/2017,2017-05-20,8,449,
18/05/2017,2017-05-18,8.5,521,
16/05/2017,2017-05-16,8.5,450,
15/05/2017,2017-05-15,14,500,
12/05/2017,2017-05-12,11.5,370,
09/05/2017,2017-05-09,8,404,
08/05/2017,2017-05-08,8.5,550,
06/05/2017,2017-05-06,8.5,415,
03/05/2017,2017-05-03,11.5,450,
03/05/2017,2017-05-03,11.5,461,
01/05/2017,2017-05-01,8.5,410,
30/04/2017,2017-04-30,11.5,400,
29/04/2017,2017-04-29,8.5,550,
28/04/2017,2017-04-28,11.5,326,
27/04/2017,2017-04-27,8.5,550,
27/04/2017,2017-04-27,11.5,360,
26/04/2017,2017-04-26,8,460,
26/04/2017,2017-04-26,11.5,375,
25/04/2017,2017-04-25,8,550,
17/04/2017,2017-04-17,8.5,500,
17/04/2017,2017-04-17,11.5,517,
16/04/2017,2017-04-16,8.5,410,
16/04/2017,2017-04-16,11.5,325,
16/04/2017,2017-04-16,15,400,
15/04/2017,2017-04-15,7.5,675,
14/04/2017,2017-04-14,11.5,387,
12/04/2017,2017-04-12,8,553,
11/04/2017,2017-04-11,8.5,500,
09/04/2017,2017-04-09,7.5,450,
05/04/2017,2017-04-05,11.5,450,
04/04/2017,2017-04-04,8,500,
02/04/2017,2017-04-02,8.5,500,
29/03/2017,2017-03-29,11.5,450,
27/03/2017,2017-03-27,8,410,
22/03/2017,2017-03-22,8,450,
21/03/2017,2017-03-21,8.5,619,
18/03/2017,2017-03-18,8,522,
17/03/2017,2017-03-17,8,450,
17/03/2017,2017-03-17,8.5,450,
12/03/2017,2017-03-12,7.5,500,
11/03/2017,2017-03-11,8,400,
07/03/2017,2017-03-07,8.5,450,
02/03/2017,2017-03-02,8.5,425,
02/03/2017,2017-03-02,8.5,450,
28/02/2017,2017-02-28,14,425,
27/02/2017,2017-02-27,8,450,
27/02/2017,2017-02-27,15,450,
27/02/2017,2017-02-27,15,450,
25/02/2017,2017-02-25,14,500,
24/02/2017,2017-02-24,8.5,450,
17/02/2017,2017-02-17,8,500,
11/02/2017,2017-02-11,7.5,500,
11/02/2017,2017-02-11,8.5,450,
07/02/2017,2017-02-07,15,340,
06/02/2017,2017-02-06,8.5,450,
05/02/2017,2017-02-05,8.5,500,
04/02/2017,2017-02-04,8.5,450,
04/02/2017,2017-02-04,15,471,
01/02/2017,2017-02-01,8,480,
28/01/2017,2017-01-28,7.5,500,
24/01/2017,2017-01-24,14,350,
23/01/2017,2017-01-23,8.5,500,
20/01/2017,2017-01-20,18,400,
19/01/2017,2017-01-19,8,500,
15/01/2017,2017-01-15,8.5,395,
15/01/2017,2017-01-15,8.5,500,
10/01/2017,2017-01-10,8,516,
08/01/2017,2017-01-08,8,500,
06/01/2017,2017-01-06,8.5,491,
04/01/2017,2017-01-04,7.5,500,
24/12/2016,2016-12-24,8,500,
22/12/2016,2016-12-22,8.5,500,
22/12/2016,2016-12-22,14,522,
21/12/2016,2016-12-21,8,491,
21/12/2016,2016-12-21,8,500,
19/12/2016,2016-12-19,8,500,
15/12/2016,2016-12-15,8.5,550,
14/12/2016,2016-12-14,8.5,500,
12/12/2016,2016-12-12,8,500,
06/12/2016,2016-12-06,8,593,
05/12/2016,2016-12-05,8,450,
01/12/2016,2016-12-01,8.5,500,
28/11/2016,2016-11-28,8,540,
27/11/2016,2016-11-27,8.5,420,
24/11/2016,2016-11-24,8,449,
18/11/2016,2016-11-18,14,466,
11/11/2016,2016-11-11,8.5,375,
08/11/2016,2016-11-08,8,400,
03/11/2016,2016-11-03,8,400,
02/11/2016,2016-11-02,8.5,390,
31/10/2016,2016-10-31,14,500,
26/10/2016,2016-10-26,8,450,
26/10/2016,2016-10-26,8,450,
25/10/2016,2016-10-25,14,395,
24/10/2016,2016-10-24,8.5,410,
22/10/2016,2016-10-22,8,450,
14/10/2016,2016-10-14,8,450,
14/10/2016,2016-10-14,8.5,624,
09/10/2016,2016-10-09,8,450,
09/10/2016,2016-10-09,8,450,
03/10/2016,2016-10-03,18,300,
02/10/2016,2016-10-02,15,375,
29/09/2016,2016-09-29,8.5,400,
28/09/2016,2016-09-28,8.5,500,
23/09/2016,2016-09-23,8,450,
17/09/2016,2016-09-17,8,450,
17/09/2016,2016-09-17,8.5,450,
15/09/2016,2016-09-15,14,465,
13/09/2016,2016-09-13,7,624,
10/09/2016,2016-09-10,7.5,500,
08/09/2016,2016-09-08,8,450,
08/09/2016,2016-09-08,8.5,500,
07/09/2016,2016-09-07,8,410,
06/09/2016,2016-09-06,8,450,
04/09/2016,2016-09-04,8.5,500,
01/09/2016,2016-09-01,8.5,500,
28/08/2016,2016-08-28,15,400,
24/08/2016,2016-08-24,7.5,600,
20/08/2016,2016-08-20,8.5,500,
20/08/2016,2016-08-20,14,450,
16/08/2016,2016-08-16,7.5,474,
16/08/2016,2016-08-16,8.5,471,
16/08/2016,2016-08-16,8.5,475,
14/08/2016,2016-08-14,8.5,450,
13/08/2016,2016-08-13,15,624,
12/08/2016,2016-08-12,8.5,450,
07/08/2016,2016-08-07,14,400,
28/07/2016,2016-07-28,8,500,
23/07/2016,2016-07-23,8,450,
22/07/2016,2016-07-22,7,500,
19/07/2016,2016-07-19,14,422,
17/07/2016,2016-07-17,8,450,
12/07/2016,2016-07-12,8,450,
09/07/2016,2016-07-09,8,500,
08/07/2016,2016-07-08,8,500,
02/07/2016,2016-07-02,8,500,
30/06/2016,2016-06-30,14,400,
30/06/2016,2016-06-30,14,400,
28/06/2016,2016-06-28,7.5,350,
27/06/2016,2016-06-27,8,450,
18/06/2016,2016-06-18,15,450,
16/06/2016,2016-06-16,8,550,
09/06/2016,2016-06-09,8,550,
08/06/2016,2016-06-08,7,500,
06/06/2016,2016-06-06,8,500,
04/06/2016,2016-06-04,8,500,
02/06/2016,2016-06-02,8,500,
02/06/2016,2016-06-02,14,450,
31/05/2016,2016-05-31,15,400,
28/05/2016,2016-05-28,8,500,
21/05/2016,2016-05-21,15,412,
17/05/2016,2016-05-17,8,450,
11/05/2016,2016-05-11,7,500,
07/05/2016,2016-05-07,8,400,
29/04/2016,2016-04-29,8,360,
27/04/2016,2016-04-27,7.5,550,
23/04/2016,2016-04-23,7.5,637,
21/04/2016,2016-04-21,8,500,
20/04/2016,2016-04-20,15,375,
18/04/2016,2016-04-18,14,457,
16/04/2016,2016-04-16,8,550,
10/04/2016,2016-04-10,7.5,500,
10/04/2016,2016-04-10,14,400,
08/04/2016,2016-04-08,14,339,
04/04/2016,2016-04-04,7.5,550,
02/04/2016,2016-04-02,8,500,
28/03/2016,2016-03-28,8,500,
27/03/2016,2016-03-27,8,512,
21/03/2016,2016-03-21,8,500,
20/03/2016,2016-03-20,8,550,
20/03/2016,2016-03-20,8,500,
17/03/2016,2016-03-17,8,400,
17/03/2016,2016-03-17,14,250,
16/03/2016,2016-03-16,7.5,500,
16/03/2016,2016-03-16,14,300,
14/03/2016,2016-03-14,8,511,
28/02/2016,2016-02-28,15,400,
23/02/2016,2016-02-23,8,500,
17/02/2016,2016-02-17,14,375,
16/02/2016,2016-02-16,7,300,
13/02/2016,2016-02-13,14,280,
12/02/2016,2016-02-12,7,240,
07/02/2016,2016-02-07,8,450,
01/02/2016,2016-02-01,7.5,500,
31/01/2016,2016-01-31,7,600,
16/01/2016,2016-01-16,8,500,
04/01/2016,2016-01-04,8,500,
29/12/2015,2015-12-29,7.5,607,
26/12/2015,2015-12-26,8,500,
24/12/2015,2015-12-24,14,450,
21/12/2015,2015-12-21,14,345,
15/12/2015,2015-12-15,7.5,550,
13/12/2015,2015-12-13,14,340,
11/12/2015,2015-12-11,8,562,
07/12/2015,2015-12-07,8,500,
07/12/2015,2015-12-07,8,500,
04/12/2015,2015-12-04,14,340,
03/12/2015,2015-12-03,7.5,550,
01/12/2015,2015-12-01,8,500,
30/11/2015,2015-11-30,14,450,
27/11/2015,2015-11-27,8,500,
26/11/2015,2015-11-26,14,355,
24/11/2015,2015-11-24,14,425,
23/11/2015,2015-11-23,14,400,
19/11/2015,2015-11-19,7.5,600,
19/11/2015,2015-11-19,8,450,
18/11/2015,2015-11-18,14,345,
14/11/2015,2015-11-14,17,550,
12/11/2015,2015-11-12,14,425,
06/11/2015,2015-11-06,8,550,
29/10/2015,2015-10-29,15,500,
25/10/2015,2015-10-25,8,525,
17/10/2015,2015-10-17,14,400,
06/10/2015,2015-10-06,8,600,
04/10/2015,2015-10-04,8,600,
15/09/2015,2015-09-15,8,600,
14/09/2015,2015-09-14,8,600,
12/09/2015,2015-09-12,8,650,
08/09/2015,2015-09-08,8,600,
08/09/2015,2015-09-08,8,550,
04/09/2015,2015-09-04,8,600,
03/09/2015,2015-09-03,7.5,600,
03/09/2015,2015-09-03,8,650,
21/08/2015,2015-08-21,8,600,
21/08/2015,2015-08-21,8,600,
20/08/2015,2015-08-20,8,575,
18/08/2015,2015-08-18,7.5,550,
13/08/2015,2015-08-13,15,475,
01/08/2015,2015-08-01,8,600,
01/08/2015,2015-08-01,8,575,
23/07/2015,2015-07-23,7.5,600,
20/07/2015,2015-07-20,15,500,
18/07/2015,2015-07-18,7.5,650,
10/07/2015,2015-07-10,8,600,
07/07/2015,2015-07-07,8,600,
04/07/2015,2015-07-04,8,550,
03/07/2015,2015-07-03,8,525,
01/07/2015,2015-07-01,7.5,650,
30/06/2015,2015-06-30,8,550,
28/06/2015,2015-06-28,8,500,
26/06/2015,2015-06-26,7,550,
25/06/2015,2015-06-25,14,650,
22/06/2015,2015-06-22,14,650,
21/06/2015,2015-06-21,7.5,600,
11/06/2015,2015-06-11,14,380,
09/06/2015,2015-06-09,7.5,500,
09/06/2015,2015-06-09,8,650,
06/06/2015,2015-06-06,15,500,
05/06/2015,2015-06-05,7,615,
05/06/2015,2015-06-05,7.5,600,
04/06/2015,2015-06-04,7.5,620,
04/06/2015,2015-06-04,7.5,620,
04/06/2015,2015-06-04,14,500,
04/06/2015,2015-06-04,15,500,
03/06/2015,2015-06-03,7.5,600,
03/06/2015,2015-06-03,14,500,
02/06/2015,2015-06-02,14,500,
02/06/2015,2015-06-02,14,500,
31/05/2015,2015-05-31,7,260,
31/05/2015,2015-05-31,8,616,
