ProductActivity__createdAt,Date,ProductActivity__shoeSize,ProductActivity__localAmount
14/04/2021,2021-04-14,9,1830
14/04/2021,2021-04-14,9,2250
12/04/2021,2021-04-12,10,1885
11/04/2021,2021-04-11,10.5,1550
08/04/2021,2021-04-08,9.5,1706
08/04/2021,2021-04-08,10,1889
08/04/2021,2021-04-08,10,1790
08/04/2021,2021-04-08,10.5,1750
07/04/2021,2021-04-07,9,2100
07/04/2021,2021-04-07,11.5,1775
06/04/2021,2021-04-06,11,1689
06/04/2021,2021-04-06,13,1600
05/04/2021,2021-04-05,10.5,1600
05/04/2021,2021-04-05,11,1650
04/04/2021,2021-04-04,9.5,2515
03/04/2021,2021-04-03,10,1838
02/04/2021,2021-04-02,11,1750
02/04/2021,2021-04-02,12,1575
01/04/2021,2021-04-01,11,1750
30/03/2021,2021-03-30,9,2090
29/03/2021,2021-03-29,8.5,2398
29/03/2021,2021-03-29,9.5,2090
28/03/2021,2021-03-28,10,1910
26/03/2021,2021-03-26,10,1790
26/03/2021,2021-03-26,11.5,1920
26/03/2021,2021-03-26,13,1499
23/03/2021,2021-03-23,9.5,2021
22/03/2021,2021-03-22,8.5,2290
21/03/2021,2021-03-21,9,2098
20/03/2021,2021-03-20,9,2098
20/03/2021,2021-03-20,10.5,1873
20/03/2021,2021-03-20,10.5,1676
19/03/2021,2021-03-19,10.5,1798
18/03/2021,2021-03-18,12,1375
15/03/2021,2021-03-15,10,1900
14/03/2021,2021-03-14,9,2041
14/03/2021,2021-03-14,9,2040
12/03/2021,2021-03-12,10,1900
11/03/2021,2021-03-11,9.5,2000
09/03/2021,2021-03-09,12,1550
08/03/2021,2021-03-08,11,2112
08/03/2021,2021-03-08,12,1410
04/03/2021,2021-03-04,12,1680
03/03/2021,2021-03-03,11,1790
01/03/2021,2021-03-01,10.5,2144
01/03/2021,2021-03-01,10.5,1884
27/02/2021,2021-02-27,10.5,1880
26/02/2021,2021-02-26,9.5,2008
25/02/2021,2021-02-25,9.5,2080
24/02/2021,2021-02-24,10.5,1800
24/02/2021,2021-02-24,11,2156
23/02/2021,2021-02-23,10.5,1799
23/02/2021,2021-02-23,10.5,2162
23/02/2021,2021-02-23,11,1749
22/02/2021,2021-02-22,10.5,1795
22/02/2021,2021-02-22,11.5,1869
21/02/2021,2021-02-21,9.5,2192
21/02/2021,2021-02-21,13,1486
21/02/2021,2021-02-21,13,1440
19/02/2021,2021-02-19,12,1670
18/02/2021,2021-02-18,10.5,1720
18/02/2021,2021-02-18,12,1546
16/02/2021,2021-02-16,13,1200
15/02/2021,2021-02-15,8.5,2188
15/02/2021,2021-02-15,11,1790
14/02/2021,2021-02-14,9,2026
14/02/2021,2021-02-14,10.5,1797
13/02/2021,2021-02-13,9,1716
12/02/2021,2021-02-12,9.5,2000
12/02/2021,2021-02-12,9.5,2000
12/02/2021,2021-02-12,10.5,1884
11/02/2021,2021-02-11,10,1875
11/02/2021,2021-02-11,13,1300
08/02/2021,2021-02-08,9.5,1700
08/02/2021,2021-02-08,10,1800
06/02/2021,2021-02-06,12,1450
04/02/2021,2021-02-04,9.5,2294
04/02/2021,2021-02-04,10.5,1681
02/02/2021,2021-02-02,9,2300
02/02/2021,2021-02-02,10.5,1675
01/02/2021,2021-02-01,9.5,1832
01/02/2021,2021-02-01,11,1600
31/01/2021,2021-01-31,10.5,1600
30/01/2021,2021-01-30,9,2083
29/01/2021,2021-01-29,9.5,2424
29/01/2021,2021-01-29,11,1515
29/01/2021,2021-01-29,13,1276
28/01/2021,2021-01-28,8.5,2149
28/01/2021,2021-01-28,9.5,1821
28/01/2021,2021-01-28,10.5,1798
26/01/2021,2021-01-26,8.5,2148
26/01/2021,2021-01-26,10,1685
26/01/2021,2021-01-26,12,1914
25/01/2021,2021-01-25,9.5,1944
22/01/2021,2021-01-22,10.5,1701
22/01/2021,2021-01-22,11.5,1451
21/01/2021,2021-01-21,10.5,1650
20/01/2021,2021-01-20,12,1650
20/01/2021,2021-01-20,12,1675
19/01/2021,2021-01-19,9,1877
19/01/2021,2021-01-19,10,1695
19/01/2021,2021-01-19,10.5,1699
14/01/2021,2021-01-14,12,1526
13/01/2021,2021-01-13,10,1605
13/01/2021,2021-01-13,10.5,1465
12/01/2021,2021-01-12,8.5,2000
12/01/2021,2021-01-12,10,1846
12/01/2021,2021-01-12,11,1840
10/01/2021,2021-01-10,10.5,1900
09/01/2021,2021-01-09,11.5,2212
09/01/2021,2021-01-09,11.5,1515
08/01/2021,2021-01-08,10,1850
05/01/2021,2021-01-05,13,1200
04/01/2021,2021-01-04,9.5,2442
04/01/2021,2021-01-04,11,1755
04/01/2021,2021-01-04,13,1195
02/01/2021,2021-01-02,11,1730
30/12/2020,2020-12-30,10,1501
30/12/2020,2020-12-30,10,1855
30/12/2020,2020-12-30,11.5,1650
29/12/2020,2020-12-29,12,1545
28/12/2020,2020-12-28,8.5,2100
26/12/2020,2020-12-26,10.5,1400
26/12/2020,2020-12-26,11,1510
24/12/2020,2020-12-24,12,1600
23/12/2020,2020-12-23,8.5,1600
21/12/2020,2020-12-21,10,1750
21/12/2020,2020-12-21,11.5,1598
19/12/2020,2020-12-19,10.5,1697
18/12/2020,2020-12-18,8.5,1962
16/12/2020,2020-12-16,12,1500
15/12/2020,2020-12-15,10.5,1845
15/12/2020,2020-12-15,11.5,1579
14/12/2020,2020-12-14,9.5,1800
13/12/2020,2020-12-13,10,1800
13/12/2020,2020-12-13,12,1349
10/12/2020,2020-12-10,8.5,2000
10/12/2020,2020-12-10,9,1999
10/12/2020,2020-12-10,10.5,1550
09/12/2020,2020-12-09,10.5,1810
09/12/2020,2020-12-09,11.5,1575
08/12/2020,2020-12-08,9.5,1601
07/12/2020,2020-12-07,11,1800
06/12/2020,2020-12-06,9.5,1606
06/12/2020,2020-12-06,10,1600
04/12/2020,2020-12-04,10,1520
04/12/2020,2020-12-04,10.5,1742
04/12/2020,2020-12-04,12,1400
03/12/2020,2020-12-03,9,1700
03/12/2020,2020-12-03,9.5,1799
03/12/2020,2020-12-03,10.5,1750
02/12/2020,2020-12-02,10.5,1751
01/12/2020,2020-12-01,9.5,1540
01/12/2020,2020-12-01,10,1625
01/12/2020,2020-12-01,10.5,1749
30/11/2020,2020-11-30,9,1786
30/11/2020,2020-11-30,9,1650
30/11/2020,2020-11-30,9.5,1775
30/11/2020,2020-11-30,12,1275
29/11/2020,2020-11-29,10,1700
29/11/2020,2020-11-29,12,1450
28/11/2020,2020-11-28,9.5,1740
28/11/2020,2020-11-28,10.5,1975
27/11/2020,2020-11-27,13,1370
26/11/2020,2020-11-26,9.5,1599
25/11/2020,2020-11-25,10.5,1600
24/11/2020,2020-11-24,10,1796
23/11/2020,2020-11-23,9.5,1829
21/11/2020,2020-11-21,11.5,1649
19/11/2020,2020-11-19,11,1355
19/11/2020,2020-11-19,12,1216
18/11/2020,2020-11-18,9.5,1528
18/11/2020,2020-11-18,10.5,1651
16/11/2020,2020-11-16,10,1700
15/11/2020,2020-11-15,9,1850
15/11/2020,2020-11-15,12,1267
13/11/2020,2020-11-13,10.5,1505
13/11/2020,2020-11-13,11,1401
13/11/2020,2020-11-13,11.5,1599
11/11/2020,2020-11-11,9.5,1580
11/11/2020,2020-11-11,10,1800
11/11/2020,2020-11-11,10,1798
11/11/2020,2020-11-11,11,1400
10/11/2020,2020-11-10,9.5,1800
10/11/2020,2020-11-10,10.5,1450
10/11/2020,2020-11-10,11,1799
09/11/2020,2020-11-09,11,1381
08/11/2020,2020-11-08,11.5,1596
07/11/2020,2020-11-07,8.5,1960
07/11/2020,2020-11-07,11,1500
07/11/2020,2020-11-07,11,1644
07/11/2020,2020-11-07,11,1690
06/11/2020,2020-11-06,8.5,1950
06/11/2020,2020-11-06,8.5,1838
06/11/2020,2020-11-06,10,1750
06/11/2020,2020-11-06,10.5,1351
06/11/2020,2020-11-06,13,1250
05/11/2020,2020-11-05,10.5,1351
05/11/2020,2020-11-05,11,1700
04/11/2020,2020-11-04,9.5,1651
04/11/2020,2020-11-04,10.5,1500
04/11/2020,2020-11-04,10.5,1839
03/11/2020,2020-11-03,9,1661
02/11/2020,2020-11-02,10,1400
02/11/2020,2020-11-02,10,1750
02/11/2020,2020-11-02,12,1600
30/10/2020,2020-10-30,13,1101
29/10/2020,2020-10-29,10,1725
29/10/2020,2020-10-29,10,1513
29/10/2020,2020-10-29,11.5,1100
28/10/2020,2020-10-28,9.5,2272
28/10/2020,2020-10-28,10.5,1750
28/10/2020,2020-10-28,12,1220
27/10/2020,2020-10-27,10,1600
27/10/2020,2020-10-27,10.5,1800
24/10/2020,2020-10-24,9.5,1505
24/10/2020,2020-10-24,11,1699
24/10/2020,2020-10-24,11.5,1400
24/10/2020,2020-10-24,12,1420
24/10/2020,2020-10-24,13,1697
23/10/2020,2020-10-23,11.5,1300
23/10/2020,2020-10-23,12,1220
22/10/2020,2020-10-22,13,1500
21/10/2020,2020-10-21,10.5,1850
20/10/2020,2020-10-20,9,1550
20/10/2020,2020-10-20,10,1949
19/10/2020,2020-10-19,8.5,1900
19/10/2020,2020-10-19,9,1776
19/10/2020,2020-10-19,12,1280
18/10/2020,2020-10-18,10.5,1600
18/10/2020,2020-10-18,11,1922
16/10/2020,2020-10-16,11.5,1299
15/10/2020,2020-10-15,9.5,1600
14/10/2020,2020-10-14,10,1503
14/10/2020,2020-10-14,13,1486
14/10/2020,2020-10-14,13,1250
13/10/2020,2020-10-13,8.5,1877
13/10/2020,2020-10-13,9.5,1800
13/10/2020,2020-10-13,10,1677
13/10/2020,2020-10-13,12,1488
12/10/2020,2020-10-12,10,1752
12/10/2020,2020-10-12,11,1700
12/10/2020,2020-10-12,13,1150
09/10/2020,2020-10-09,9.5,1630
09/10/2020,2020-10-09,10.5,1840
09/10/2020,2020-10-09,13,1249
08/10/2020,2020-10-08,11,1500
07/10/2020,2020-10-07,9.5,1864
07/10/2020,2020-10-07,11,1704
07/10/2020,2020-10-07,12,1299
06/10/2020,2020-10-06,9.5,1525
05/10/2020,2020-10-05,9,1653
05/10/2020,2020-10-05,10.5,1800
05/10/2020,2020-10-05,12,1299
02/10/2020,2020-10-02,9,1876
01/10/2020,2020-10-01,11.5,1151
30/09/2020,2020-09-30,10,2432
30/09/2020,2020-09-30,11,1641
28/09/2020,2020-09-28,11,1550
25/09/2020,2020-09-25,8.5,1900
25/09/2020,2020-09-25,9.5,1800
25/09/2020,2020-09-25,10,1601
24/09/2020,2020-09-24,10,1506
24/09/2020,2020-09-24,10.5,1600
24/09/2020,2020-09-24,10.5,1649
24/09/2020,2020-09-24,12,1372
23/09/2020,2020-09-23,9.5,1526
23/09/2020,2020-09-23,10,1510
23/09/2020,2020-09-23,11,2205
23/09/2020,2020-09-23,11.5,1450
22/09/2020,2020-09-22,10,1520
22/09/2020,2020-09-22,10,1590
20/09/2020,2020-09-20,10.5,1600
19/09/2020,2020-09-19,9.5,1531
18/09/2020,2020-09-18,10.5,1295
18/09/2020,2020-09-18,10.5,1500
18/09/2020,2020-09-18,10.5,1515
17/09/2020,2020-09-17,8.5,1560
17/09/2020,2020-09-17,10,2329
15/09/2020,2020-09-15,10,1514
15/09/2020,2020-09-15,10,1675
15/09/2020,2020-09-15,11,1517
14/09/2020,2020-09-14,9.5,1565
14/09/2020,2020-09-14,11,1500
11/09/2020,2020-09-11,10,1777
11/09/2020,2020-09-11,11,1500
08/09/2020,2020-09-08,8.5,1604
08/09/2020,2020-09-08,11,1201
05/09/2020,2020-09-05,12,1550
04/09/2020,2020-09-04,9,1799
04/09/2020,2020-09-04,11.5,1599
03/09/2020,2020-09-03,9.5,1522
03/09/2020,2020-09-03,12,1650
03/09/2020,2020-09-03,13,1450
02/09/2020,2020-09-02,9.5,1550
02/09/2020,2020-09-02,11,1276
02/09/2020,2020-09-02,11,1277
02/09/2020,2020-09-02,13,951
02/09/2020,2020-09-02,13,1400
31/08/2020,2020-08-31,10.5,1650
31/08/2020,2020-08-31,12,1246
30/08/2020,2020-08-30,11.5,1561
30/08/2020,2020-08-30,12,1736
30/08/2020,2020-08-30,12,1650
29/08/2020,2020-08-29,10,1750
28/08/2020,2020-08-28,9,1867
27/08/2020,2020-08-27,13,1300
27/08/2020,2020-08-27,13,1275
26/08/2020,2020-08-26,10,1749
26/08/2020,2020-08-26,10.5,1553
26/08/2020,2020-08-26,12,1300
26/08/2020,2020-08-26,13,1380
25/08/2020,2020-08-25,11,1377
25/08/2020,2020-08-25,11,1451
25/08/2020,2020-08-25,11.5,1352
24/08/2020,2020-08-24,11,1535
23/08/2020,2020-08-23,9,1550
23/08/2020,2020-08-23,10.5,1898
20/08/2020,2020-08-20,11,1650
18/08/2020,2020-08-18,11,1800
16/08/2020,2020-08-16,8.5,1716
14/08/2020,2020-08-14,10,1650
14/08/2020,2020-08-14,11.5,1595
13/08/2020,2020-08-13,10.5,1799
13/08/2020,2020-08-13,11,1725
12/08/2020,2020-08-12,11.5,1500
10/08/2020,2020-08-10,11,1750
09/08/2020,2020-08-09,10.5,1595
08/08/2020,2020-08-08,9,1944
07/08/2020,2020-08-07,10,1699
06/08/2020,2020-08-06,10.5,1750
05/08/2020,2020-08-05,10,1660
05/08/2020,2020-08-05,11,1700
05/08/2020,2020-08-05,11,1535
05/08/2020,2020-08-05,11,1529
05/08/2020,2020-08-05,12,1500
04/08/2020,2020-08-04,9,1644
04/08/2020,2020-08-04,9.5,1900
04/08/2020,2020-08-04,11,1499
04/08/2020,2020-08-04,12,1386
03/08/2020,2020-08-03,10,1650
01/08/2020,2020-08-01,10.5,1780
31/07/2020,2020-07-31,9,1875
30/07/2020,2020-07-30,8.5,1867
30/07/2020,2020-07-30,10.5,1750
30/07/2020,2020-07-30,13,1500
30/07/2020,2020-07-30,13,1450
28/07/2020,2020-07-28,9.5,1900
28/07/2020,2020-07-28,11,1400
27/07/2020,2020-07-27,9,1845
27/07/2020,2020-07-27,9,1650
27/07/2020,2020-07-27,11,1400
26/07/2020,2020-07-26,9.5,1801
26/07/2020,2020-07-26,10.5,1650
25/07/2020,2020-07-25,9,1587
25/07/2020,2020-07-25,10,1480
24/07/2020,2020-07-24,9.5,1410
23/07/2020,2020-07-23,9,1714
23/07/2020,2020-07-23,9.5,1799
23/07/2020,2020-07-23,10.5,1653
23/07/2020,2020-07-23,13,1399
22/07/2020,2020-07-22,10,1650
22/07/2020,2020-07-22,10.5,1700
21/07/2020,2020-07-21,8.5,1851
21/07/2020,2020-07-21,11,1500
20/07/2020,2020-07-20,9,1719
20/07/2020,2020-07-20,10,1701
20/07/2020,2020-07-20,11,1701
19/07/2020,2020-07-19,8.5,2172
19/07/2020,2020-07-19,10,1495
19/07/2020,2020-07-19,11,1670
18/07/2020,2020-07-18,9.5,1600
18/07/2020,2020-07-18,10.5,1650
17/07/2020,2020-07-17,13,1351
16/07/2020,2020-07-16,10,1522
16/07/2020,2020-07-16,11.5,1400
14/07/2020,2020-07-14,9.5,1510
14/07/2020,2020-07-14,10,1599
14/07/2020,2020-07-14,11,1450
14/07/2020,2020-07-14,13,1150
13/07/2020,2020-07-13,9.5,1481
11/07/2020,2020-07-11,11,1616
11/07/2020,2020-07-11,13,1349
10/07/2020,2020-07-10,10.5,1475
09/07/2020,2020-07-09,8.5,1719
09/07/2020,2020-07-09,10.5,1772
09/07/2020,2020-07-09,11,1729
09/07/2020,2020-07-09,12,1267
08/07/2020,2020-07-08,9.5,1607
08/07/2020,2020-07-08,11.5,1450
08/07/2020,2020-07-08,11.5,1400
07/07/2020,2020-07-07,10.5,1490
06/07/2020,2020-07-06,9.5,1600
06/07/2020,2020-07-06,10,1775
06/07/2020,2020-07-06,10.5,1800
04/07/2020,2020-07-04,9.5,1599
04/07/2020,2020-07-04,10,1765
04/07/2020,2020-07-04,13,1290
03/07/2020,2020-07-03,9.5,1641
03/07/2020,2020-07-03,11,1609
02/07/2020,2020-07-02,9.5,1540
01/07/2020,2020-07-01,8.5,1450
01/07/2020,2020-07-01,11,1649
30/06/2020,2020-06-30,11.5,1697
29/06/2020,2020-06-29,9.5,1400
29/06/2020,2020-06-29,9.5,1500
29/06/2020,2020-06-29,9.5,1636
28/06/2020,2020-06-28,10.5,1601
27/06/2020,2020-06-27,10.5,1590
26/06/2020,2020-06-26,13,1260
25/06/2020,2020-06-25,10.5,1633
25/06/2020,2020-06-25,11,1700
25/06/2020,2020-06-25,11.5,1501
24/06/2020,2020-06-24,11,1501
23/06/2020,2020-06-23,8.5,1742
23/06/2020,2020-06-23,10.5,1600
22/06/2020,2020-06-22,9,1799
22/06/2020,2020-06-22,10,1626
22/06/2020,2020-06-22,12,1300
21/06/2020,2020-06-21,10,1573
21/06/2020,2020-06-21,10,1470
21/06/2020,2020-06-21,10.5,1362
20/06/2020,2020-06-20,9.5,1526
20/06/2020,2020-06-20,11,1550
19/06/2020,2020-06-19,9.5,1768
18/06/2020,2020-06-18,10.5,1486
18/06/2020,2020-06-18,10.5,1600
18/06/2020,2020-06-18,11,1599
17/06/2020,2020-06-17,10,1500
17/06/2020,2020-06-17,11,1549
17/06/2020,2020-06-17,12,1220
16/06/2020,2020-06-16,11,1501
15/06/2020,2020-06-15,10.5,1600
15/06/2020,2020-06-15,12,1175
14/06/2020,2020-06-14,9,1555
14/06/2020,2020-06-14,9.5,1699
14/06/2020,2020-06-14,10.5,1415
14/06/2020,2020-06-14,11,1455
14/06/2020,2020-06-14,11,1225
13/06/2020,2020-06-13,8.5,1849
13/06/2020,2020-06-13,11,1300
13/06/2020,2020-06-13,11.5,1650
12/06/2020,2020-06-12,10.5,1335
12/06/2020,2020-06-12,12,1100
11/06/2020,2020-06-11,10,1776
11/06/2020,2020-06-11,11.5,1200
11/06/2020,2020-06-11,12,1765
10/06/2020,2020-06-10,11.5,1200
10/06/2020,2020-06-10,13,1245
09/06/2020,2020-06-09,10.5,1600
09/06/2020,2020-06-09,10.5,1639
09/06/2020,2020-06-09,11.5,1190
08/06/2020,2020-06-08,10,1270
08/06/2020,2020-06-08,11,1575
07/06/2020,2020-06-07,10,1700
07/06/2020,2020-06-07,10.5,1400
07/06/2020,2020-06-07,11.5,1450
07/06/2020,2020-06-07,13,1240
06/06/2020,2020-06-06,9.5,1795
06/06/2020,2020-06-06,10,1630
05/06/2020,2020-06-05,8.5,1949
05/06/2020,2020-06-05,9,1850
05/06/2020,2020-06-05,10.5,1649
05/06/2020,2020-06-05,13,1150
04/06/2020,2020-06-04,10,1600
03/06/2020,2020-06-03,8.5,1500
02/06/2020,2020-06-02,9,1635
02/06/2020,2020-06-02,9.5,1450
02/06/2020,2020-06-02,9.5,1420
02/06/2020,2020-06-02,10.5,1602
01/06/2020,2020-06-01,10.5,1599
31/05/2020,2020-05-31,11,1500
30/05/2020,2020-05-30,9,1700
30/05/2020,2020-05-30,9,1999
29/05/2020,2020-05-29,10.5,1601
29/05/2020,2020-05-29,11,1435
28/05/2020,2020-05-28,8.5,1895
28/05/2020,2020-05-28,9.5,1601
28/05/2020,2020-05-28,11,1435
27/05/2020,2020-05-27,10,1605
27/05/2020,2020-05-27,13,1345
26/05/2020,2020-05-26,10.5,1500
26/05/2020,2020-05-26,11.5,1590
25/05/2020,2020-05-25,9.5,1600
24/05/2020,2020-05-24,10,1795
23/05/2020,2020-05-23,10,1693
23/05/2020,2020-05-23,10.5,1650
23/05/2020,2020-05-23,10.5,1699
23/05/2020,2020-05-23,11,1450
23/05/2020,2020-05-23,11,1377
22/05/2020,2020-05-22,8.5,1943
22/05/2020,2020-05-22,10,1750
22/05/2020,2020-05-22,11,1440
22/05/2020,2020-05-22,13,1345
21/05/2020,2020-05-21,8.5,1780
21/05/2020,2020-05-21,9,1600
21/05/2020,2020-05-21,10,1840
21/05/2020,2020-05-21,10.5,1699
20/05/2020,2020-05-20,11,1320
20/05/2020,2020-05-20,11,1400
19/05/2020,2020-05-19,10,1821
19/05/2020,2020-05-19,10.5,1455
19/05/2020,2020-05-19,11,1568
18/05/2020,2020-05-18,10,1750
18/05/2020,2020-05-18,10.5,1798
18/05/2020,2020-05-18,10.5,1790
18/05/2020,2020-05-18,11,1255
18/05/2020,2020-05-18,11.5,1300
17/05/2020,2020-05-17,11.5,1600
17/05/2020,2020-05-17,12,1385
17/05/2020,2020-05-17,13,1200
16/05/2020,2020-05-16,10.5,1592
16/05/2020,2020-05-16,13,1140
15/05/2020,2020-05-15,9.5,1936
15/05/2020,2020-05-15,9.5,1800
15/05/2020,2020-05-15,10,1700
15/05/2020,2020-05-15,10,1620
15/05/2020,2020-05-15,11.5,1537
15/05/2020,2020-05-15,11.5,1501
14/05/2020,2020-05-14,9.5,1777
14/05/2020,2020-05-14,10,1500
14/05/2020,2020-05-14,12,1385
14/05/2020,2020-05-14,13,1175
13/05/2020,2020-05-13,10.5,1539
13/05/2020,2020-05-13,13,1080
12/05/2020,2020-05-12,10,1600
12/05/2020,2020-05-12,10.5,1456
12/05/2020,2020-05-12,11,1255
12/05/2020,2020-05-12,12,1400
12/05/2020,2020-05-12,12,1395
11/05/2020,2020-05-11,10.5,1525
10/05/2020,2020-05-10,9,1321
09/05/2020,2020-05-09,9,1650
09/05/2020,2020-05-09,10.5,1520
09/05/2020,2020-05-09,11,1555
09/05/2020,2020-05-09,11,1699
09/05/2020,2020-05-09,11.5,1140
08/05/2020,2020-05-08,9.5,1600
08/05/2020,2020-05-08,11,1295
07/05/2020,2020-05-07,12,1200
07/05/2020,2020-05-07,12,1260
06/05/2020,2020-05-06,10,1190
06/05/2020,2020-05-06,13,1100
05/05/2020,2020-05-05,10,1210
05/05/2020,2020-05-05,10.5,1300
05/05/2020,2020-05-05,11,1500
05/05/2020,2020-05-05,11,1400
05/05/2020,2020-05-05,11.5,1352
04/05/2020,2020-05-04,10,1300
04/05/2020,2020-05-04,10,1295
04/05/2020,2020-05-04,10.5,1401
04/05/2020,2020-05-04,10.5,1365
04/05/2020,2020-05-04,10.5,1364
04/05/2020,2020-05-04,11,1500
04/05/2020,2020-05-04,11,1478
04/05/2020,2020-05-04,11,1400
04/05/2020,2020-05-04,11,1350
04/05/2020,2020-05-04,11.5,1200
04/05/2020,2020-05-04,12,1233
04/05/2020,2020-05-04,12,1123
04/05/2020,2020-05-04,13,1099
03/05/2020,2020-05-03,10.5,1300
30/04/2020,2020-04-30,8.5,1601
30/04/2020,2020-04-30,9.5,1385
30/04/2020,2020-04-30,12,951
29/04/2020,2020-04-29,10.5,1301
29/04/2020,2020-04-29,11,1300
29/04/2020,2020-04-29,11,1336
29/04/2020,2020-04-29,13,1075
28/04/2020,2020-04-28,9,1485
28/04/2020,2020-04-28,10,1300
28/04/2020,2020-04-28,12,915
28/04/2020,2020-04-28,12,999
27/04/2020,2020-04-27,9.5,1190
27/04/2020,2020-04-27,10.5,1350
27/04/2020,2020-04-27,11,1300
27/04/2020,2020-04-27,11,1274
27/04/2020,2020-04-27,11,1220
27/04/2020,2020-04-27,12,915
26/04/2020,2020-04-26,11.5,1200
25/04/2020,2020-04-25,10.5,1300
24/04/2020,2020-04-24,10.5,1299
24/04/2020,2020-04-24,11.5,1186
24/04/2020,2020-04-24,12,1233
23/04/2020,2020-04-23,10,1072
23/04/2020,2020-04-23,13,975
22/04/2020,2020-04-22,9.5,1360
22/04/2020,2020-04-22,10.5,1290
22/04/2020,2020-04-22,10.5,1097
22/04/2020,2020-04-22,10.5,1200
22/04/2020,2020-04-22,11,1150
20/04/2020,2020-04-20,8.5,1380
20/04/2020,2020-04-20,10,1300
20/04/2020,2020-04-20,10,1260
20/04/2020,2020-04-20,10,1255
20/04/2020,2020-04-20,11,1150
19/04/2020,2020-04-19,13,1000
18/04/2020,2020-04-18,9,1431
18/04/2020,2020-04-18,10,1199
17/04/2020,2020-04-17,9,1275
16/04/2020,2020-04-16,10,1115
16/04/2020,2020-04-16,11,1175
15/04/2020,2020-04-15,8.5,1419
15/04/2020,2020-04-15,11.5,976
15/04/2020,2020-04-15,13,849
14/04/2020,2020-04-14,10.5,1183
14/04/2020,2020-04-14,12,998
13/04/2020,2020-04-13,8.5,1340
13/04/2020,2020-04-13,10,1100
13/04/2020,2020-04-13,10.5,1151
12/04/2020,2020-04-12,10.5,1100
11/04/2020,2020-04-11,9,1200
11/04/2020,2020-04-11,10.5,1090
11/04/2020,2020-04-11,13,767
09/04/2020,2020-04-09,13,825
08/04/2020,2020-04-08,10.5,1086
07/04/2020,2020-04-07,9.5,1057
07/04/2020,2020-04-07,11.5,900
06/04/2020,2020-04-06,11.5,910
05/04/2020,2020-04-05,11.5,975
05/04/2020,2020-04-05,12,880
04/04/2020,2020-04-04,12,860
03/04/2020,2020-04-03,10.5,1098
03/04/2020,2020-04-03,12,870
03/04/2020,2020-04-03,13,796
02/04/2020,2020-04-02,13,750
31/03/2020,2020-03-31,9,1150
31/03/2020,2020-03-31,10.5,1020
31/03/2020,2020-03-31,13,725
30/03/2020,2020-03-30,11,1000
29/03/2020,2020-03-29,13,710
28/03/2020,2020-03-28,9.5,1100
27/03/2020,2020-03-27,10.5,990
27/03/2020,2020-03-27,11,915
27/03/2020,2020-03-27,11,906
27/03/2020,2020-03-27,13,731
26/03/2020,2020-03-26,11,900
25/03/2020,2020-03-25,10.5,955
24/03/2020,2020-03-24,9,1050
24/03/2020,2020-03-24,9.5,1100
24/03/2020,2020-03-24,10.5,940
23/03/2020,2020-03-23,10,1085
23/03/2020,2020-03-23,11,900
22/03/2020,2020-03-22,9.5,900
21/03/2020,2020-03-21,9.5,1099
21/03/2020,2020-03-21,11,851
20/03/2020,2020-03-20,10.5,900
19/03/2020,2020-03-19,10.5,985
18/03/2020,2020-03-18,11,850
18/03/2020,2020-03-18,12,970
18/03/2020,2020-03-18,13,700
17/03/2020,2020-03-17,8.5,1050
17/03/2020,2020-03-17,9,1001
16/03/2020,2020-03-16,9.5,1000
16/03/2020,2020-03-16,10,850
15/03/2020,2020-03-15,9.5,1100
15/03/2020,2020-03-15,11,759
15/03/2020,2020-03-15,11,799
15/03/2020,2020-03-15,12,850
14/03/2020,2020-03-14,10,1050
13/03/2020,2020-03-13,11,783
12/03/2020,2020-03-12,9,1197
11/03/2020,2020-03-11,9,1196
11/03/2020,2020-03-11,10,1200
11/03/2020,2020-03-11,11,769
11/03/2020,2020-03-11,11.5,984
11/03/2020,2020-03-11,12,840
10/03/2020,2020-03-10,10,1300
10/03/2020,2020-03-10,12,820
09/03/2020,2020-03-09,9,1000
09/03/2020,2020-03-09,9,1092
09/03/2020,2020-03-09,9.5,1100
09/03/2020,2020-03-09,10,1137
09/03/2020,2020-03-09,12,800
08/03/2020,2020-03-08,13,790
07/03/2020,2020-03-07,8.5,1050
07/03/2020,2020-03-07,10,1028
06/03/2020,2020-03-06,10.5,949
06/03/2020,2020-03-06,13,706
06/03/2020,2020-03-06,13,749
04/03/2020,2020-03-04,11,880
02/03/2020,2020-03-02,9,975
02/03/2020,2020-03-02,9,1000
02/03/2020,2020-03-02,9.5,1001
02/03/2020,2020-03-02,11,751
02/03/2020,2020-03-02,12,711
02/03/2020,2020-03-02,13,689
29/02/2020,2020-02-29,9,1095
28/02/2020,2020-02-28,9.5,1150
28/02/2020,2020-02-28,9.5,1050
28/02/2020,2020-02-28,10,1120
28/02/2020,2020-02-28,11.5,770
27/02/2020,2020-02-27,9.5,1085
27/02/2020,2020-02-27,9.5,1087
27/02/2020,2020-02-27,10.5,1042
27/02/2020,2020-02-27,13,669
25/02/2020,2020-02-25,10.5,950
25/02/2020,2020-02-25,11.5,775
25/02/2020,2020-02-25,12,850
25/02/2020,2020-02-25,13,665
23/02/2020,2020-02-23,8.5,1225
21/02/2020,2020-02-21,9,1140
21/02/2020,2020-02-21,11.5,780
20/02/2020,2020-02-20,9,950
20/02/2020,2020-02-20,9.5,1150
20/02/2020,2020-02-20,10.5,1000
20/02/2020,2020-02-20,10.5,968
18/02/2020,2020-02-18,10,1200
18/02/2020,2020-02-18,13,710
17/02/2020,2020-02-17,9,988
17/02/2020,2020-02-17,11,900
15/02/2020,2020-02-15,10.5,968
15/02/2020,2020-02-15,11.5,746
15/02/2020,2020-02-15,13,690
14/02/2020,2020-02-14,9.5,1100
14/02/2020,2020-02-14,12,780
13/02/2020,2020-02-13,10.5,950
12/02/2020,2020-02-12,10.5,950
11/02/2020,2020-02-11,9.5,1000
11/02/2020,2020-02-11,10,1200
11/02/2020,2020-02-11,10,1000
11/02/2020,2020-02-11,11.5,750
10/02/2020,2020-02-10,13,700
09/02/2020,2020-02-09,10,975
08/02/2020,2020-02-08,9.5,905
07/02/2020,2020-02-07,9,1044
07/02/2020,2020-02-07,10,949
07/02/2020,2020-02-07,11.5,742
07/02/2020,2020-02-07,11.5,741
06/02/2020,2020-02-06,13,690
04/02/2020,2020-02-04,10.5,899
03/02/2020,2020-02-03,11.5,706
02/02/2020,2020-02-02,10.5,880
01/02/2020,2020-02-01,9,980
01/02/2020,2020-02-01,10.5,850
01/02/2020,2020-02-01,13,650
31/01/2020,2020-01-31,9,1025
30/01/2020,2020-01-30,9,940
30/01/2020,2020-01-30,9.5,1250
30/01/2020,2020-01-30,13,625
29/01/2020,2020-01-29,13,623
28/01/2020,2020-01-28,9.5,1175
28/01/2020,2020-01-28,13,580
27/01/2020,2020-01-27,13,545
24/01/2020,2020-01-24,13,625
23/01/2020,2020-01-23,10.5,815
22/01/2020,2020-01-22,12,666
21/01/2020,2020-01-21,11,838
20/01/2020,2020-01-20,10,1096
20/01/2020,2020-01-20,11,850
20/01/2020,2020-01-20,11,840
20/01/2020,2020-01-20,12,660
20/01/2020,2020-01-20,12,677
20/01/2020,2020-01-20,13,620
19/01/2020,2020-01-19,8.5,1245
19/01/2020,2020-01-19,12,690
18/01/2020,2020-01-18,11,849
16/01/2020,2020-01-16,8.5,1179
15/01/2020,2020-01-15,9,1100
15/01/2020,2020-01-15,9.5,1199
15/01/2020,2020-01-15,11,808
15/01/2020,2020-01-15,11,800
14/01/2020,2020-01-14,10,850
13/01/2020,2020-01-13,8.5,1012
13/01/2020,2020-01-13,13,620
12/01/2020,2020-01-12,11,795
11/01/2020,2020-01-11,9.5,1042
11/01/2020,2020-01-11,11,765
11/01/2020,2020-01-11,13,595
10/01/2020,2020-01-10,9,1060
09/01/2020,2020-01-09,9,1000
